,Turn,Speaker,Text,True,Pred,Don_true,Don_pred
0,0,0,"hi, how are you?",Not-a-strategy,Not-a-strategy,0,0.3015724718570709
1,1,1,I'm doing well thank you,Not-a-strategy,Not-a-strategy,0,0.364943265914917
2,1,0,"that good You knew that for every minute that passes, a child under the age of 5 dies as a result of the war in the Middle East",Not-a-strategy,Not-a-strategy,0,0.3791041374206543
3,2,1,That is absolutely terrible.,Not-a-strategy,Not-a-strategy,0,0.3826742470264435
4,2,1,Are there any good charities that are helping on this issue?,Hesitance-Hesitance,Not-a-strategy,0,0.38359636068344116
5,3,0,"I recently read from an organization called Save a Children, which works hard to protect these children and needs financial help to continue",Not-a-strategy,Not-a-strategy,0,0.3839339017868042
6,3,1,How can someone help?,Not-a-strategy,Not-a-strategy,0,0.3841302990913391
7,4,1,I would be willing to donate my time and perhaps some money.,Not-a-strategy,Not-a-strategy,0,0.38424360752105713
8,5,0,"you can help by donating what you can, you can even help with your win in mturk, I think these children need us now",Not-a-strategy,Not-a-strategy,0,0.3844655156135559
9,5,1,How exactly does the money help the cause?,Hesitance-Hesitance,Not-a-strategy,0,0.3845885992050171
10,6,1,What's it spent on?,Hesitance-Hesitance,Not-a-strategy,0,0.38468360900878906
11,6,0,"is super important, help children who live the harsh reality of war, fewer and fewer people help, the money goes to the education, health and safety of these children.",Not-a-strategy,Not-a-strategy,0,0.3847302794456482
12,6,0,how much would you be willing to donate your payment?,Not-a-strategy,Not-a-strategy,0,0.38473811745643616
13,6,1,I'd be willing to donate a dollar or two,Not-a-strategy,Not-a-strategy,0,0.38475263118743896
14,7,0,"eso estaria muy bien, entre todos podemos ayudar, la mayoria de los demas trabajadores donaran todo su pago, estos ni??Â¸?Â£?os estaran agradecidos",Not-a-strategy,Not-a-strategy,0,0.38477030396461487
15,7,1,Perfect.,Not-a-strategy,Not-a-strategy,0,0.3848453462123871
16,8,1,How do I donate then?,Hesitance-Hesitance,Not-a-strategy,0,0.38489463925361633
17,8,0,"The research team will collect all donations and send them to Save the Children, you will be deducted from your payment for this task",Not-a-strategy,Not-a-strategy,0,0.38496148586273193
18,8,1,You need to type faster.,Not-a-strategy,Not-a-strategy,0,0.3849676847457886
19,9,1,Our HITs are going to expire on us.,Not-a-strategy,Not-a-strategy,0,0.3850385844707489
20,9,1,"I'd rather send the money on my accord, rather than have it deducted.",Not-a-strategy,Not-a-strategy,0,0.3850766718387604
21,9,1,Where can I go to send it?,Hesitance-Hesitance,Not-a-strategy,0,0.38507235050201416
22,0,0,"Hey there, are you one to donate to charities?",Not-a-strategy,Not-a-strategy,1,0.3012695908546448
23,1,0,Because I have a great one that you could take a look at.,Not-a-strategy,Not-a-strategy,1,0.3642500936985016
24,2,1,i usually do donate to charities,Self Assertion-Empowerment,Not-a-strategy,1,0.37863531708717346
25,3,0,Oh really?,Not-a-strategy,Not-a-strategy,1,0.38244274258613586
26,4,0,I bet Save the Children could be right for you though.,Not-a-strategy,Not-a-strategy,1,0.3834461271762848
27,4,0,"From the task you are doing, you can donate as much or as little as you like.",Not-a-strategy,Not-a-strategy,1,0.38399362564086914
28,5,1,I would like to know more about this charity,Hesitance-Hesitance,Not-a-strategy,1,0.3842706084251404
29,6,0,"Save the Children is and how your donation is essential to help ensuring children's rights to health, education, safety, etc.",Not-a-strategy,Not-a-strategy,1,0.38461244106292725
30,6,1,I'm surprised i've never heard about it! how do i know if it's legit and if money really go to help those kids,Information Inquiry-Contesting,Not-a-strategy,1,0.384667307138443
31,7,0,It's a very legitamate charity.,Not-a-strategy,Not-a-strategy,1,0.3847983479499817
32,8,0,There are millions of children that need help and just as many people that are willing to donate for the children.,Not-a-strategy,Not-a-strategy,1,0.38488948345184326
33,8,1,i understand but i just don't feel comfortable donating yet.,Information Inquiry-Contesting,Not-a-strategy,1,0.38496601581573486
34,9,0,How much money do you spend on unnecessary stuff like a bag of snack or candy?,Not-a-strategy,Not-a-strategy,1,0.38492095470428467
35,0,0,Hello how are you?,Not-a-strategy,Not-a-strategy,0,0.3012572228908539
36,1,1,"Hey, I am doing well",Not-a-strategy,Not-a-strategy,0,0.36484941840171814
37,1,0,I have a friend of mine in another country who lost a child today to hunger,Not-a-strategy,Not-a-strategy,0,0.3790968358516693
38,2,1,That is terrible.,Not-a-strategy,Not-a-strategy,0,0.3824625611305237
39,3,1,Are there any charities that work in that area?,Hesitance-Hesitance,Not-a-strategy,0,0.3834397494792938
40,4,0,Yeah.,Not-a-strategy,Not-a-strategy,0,0.38407421112060547
41,4,0,It's really sad we have the money to just splurge on stuff in our normal every day lives but we can't spend just a few bucks a month or year for the children!,Not-a-strategy,Not-a-strategy,0,0.38435232639312744
42,5,1,It hurts my heart when I see those children's charity commercials.,Not-a-strategy,Not-a-strategy,0,0.3844055235385895
43,6,0,Yeah I know.,Not-a-strategy,Not-a-strategy,0,0.38438913226127625
44,7,0,What do you think we can do?,Not-a-strategy,Not-a-strategy,0,0.3844812214374542
45,7,0,Donate some money maybe?,Not-a-strategy,Not-a-strategy,0,0.38461440801620483
46,8,1,30 dollars a month can change a child's life,Not-a-strategy,Not-a-strategy,0,0.38468417525291443
47,9,0,Yeah I know this great charity called Save the Children that takes money for this exact type of issue.,Not-a-strategy,Not-a-strategy,0,0.38476964831352234
48,0,0,Good Morning!,Not-a-strategy,Not-a-strategy,0,0.2999715209007263
49,0,0,I'm hoping you can help me out to today.,Not-a-strategy,Not-a-strategy,0,0.3642643094062805
50,1,1,"Sure, as long as you can help me out as well... you see, I have a child that is overseas, in a warzone.",Personal Choice-Empowerment,Not-a-strategy,0,0.3791946470737457
51,2,1,they are hungry and injured and also short,Personal Choice-Empowerment,Not-a-strategy,0,0.3828834891319275
52,3,0,"I'm so sorry, what a terrible thing.",Not-a-strategy,Not-a-strategy,0,0.38380536437034607
53,4,0,"Well not being short, that's fine.",Not-a-strategy,Not-a-strategy,0,0.3840439021587372
54,5,1,"yeah, i mean, i guess",Not-a-strategy,Not-a-strategy,0,0.38416239619255066
55,6,0,"I am also here to help children in underprivileged areas, by supporting the Save the Children Charity",Not-a-strategy,Not-a-strategy,0,0.38424527645111084
56,7,1,what is save the children,Hesitance-Hesitance,Not-a-strategy,0,0.38435909152030945
57,8,0,Save the Children promotes rights and provides support for children in serious situations.,Not-a-strategy,Not-a-strategy,0,0.38439276814460754
58,9,0,"They work to get food, medical help and education to poor children in under developed countries.",Not-a-strategy,Not-a-strategy,0,0.3843821585178375
59,10,1,do they help lots of kids,Hesitance-Hesitance,Not-a-strategy,0,0.3844614624977112
60,0,0,"hi, have you done this before?",Not-a-strategy,Not-a-strategy,1,0.3014763593673706
61,1,1,no i haven't,Not-a-strategy,Not-a-strategy,1,0.3642113506793976
62,2,0,Can I tell a little about save the children?,Not-a-strategy,Not-a-strategy,1,0.37903866171836853
63,2,1,"Sure, I'd love to hear about it",Not-a-strategy,Not-a-strategy,1,0.382656455039978
64,3,0,It's non governmental and international.,Not-a-strategy,Not-a-strategy,1,0.38347315788269043
65,3,0,It helps children and their families here and in poor countries.,Not-a-strategy,Not-a-strategy,1,0.3836967945098877
66,4,0,Have you been to the site?,Not-a-strategy,Not-a-strategy,1,0.38382023572921753
67,5,1,I have never been to the site.,Not-a-strategy,Not-a-strategy,1,0.3838997781276703
68,6,1,Could you provide me with the link,Hesitance-Hesitance,Not-a-strategy,1,0.3841306269168854
69,6,0,"sure, it's URL There you will see that for the price of a soda you can help a child in need.",Not-a-strategy,Not-a-strategy,1,0.38449016213417053
70,7,0,Would you like to donate?,Not-a-strategy,Not-a-strategy,1,0.3845117688179016
71,7,1,Not today but I'll definitely save the website for the future.,Source Derogation-Contesting,Not-a-strategy,1,0.3846132755279541
72,8,1,What type of help do you provide to those poor families?,Hesitance-Hesitance,Not-a-strategy,1,0.3845406472682953
73,8,0,They help children in war zones.,Not-a-strategy,Not-a-strategy,1,0.3847397267818451
74,9,0,Wouldn't you like to donate something today?,Not-a-strategy,Not-a-strategy,1,0.38478004932403564
75,0,0,"Hello, it's nice to meet you",Not-a-strategy,Not-a-strategy,1,0.3002689480781555
76,1,1,"nice to meet you, do you know any good children's charities",Not-a-strategy,Not-a-strategy,1,0.3641701936721802
77,2,0,I've always felt confident donating my time and money to a charity called Save the children.,Not-a-strategy,Not-a-strategy,1,0.38015472888946533
78,2,0,Have you heard of them?,Not-a-strategy,Not-a-strategy,1,0.3833174705505371
79,3,1,i have not tell me about them,Hesitance-Hesitance,Not-a-strategy,1,0.38439705967903137
80,3,0,"Little typo there, Save the Children.",Not-a-strategy,Not-a-strategy,1,0.38452789187431335
81,4,0,"They work in many countries all over the world and have been proven to spend 86% of their donations actually on children, not administrative fees.",Not-a-strategy,Not-a-strategy,1,0.3844742476940155
82,5,1,interesting.,Not-a-strategy,Not-a-strategy,1,0.384539395570755
83,6,1,how do you help them.,Counter Argumentation-Contesting,Not-a-strategy,1,0.38455381989479065
84,7,0,You can choose to donate some or even all of your task payment for this hit directly to Save the Children.,Not-a-strategy,Not-a-strategy,1,0.3845531940460205
85,8,0,Would you be interested in donating a small portion?,Not-a-strategy,Not-a-strategy,1,0.3845938742160797
86,8,1,not really.,Not-a-strategy,Not-a-strategy,1,0.38462087512016296
87,9,1,give me some reasons i should donate,Hesitance-Hesitance,Not-a-strategy,1,0.38476288318634033
88,0,0,do you know Save the children?,Not-a-strategy,Not-a-strategy,1,0.30025550723075867
89,1,1,"No, I am not very familiar with that charity.",Hesitance-Hesitance,Not-a-strategy,1,0.36419349908828735
90,2,0,Its very important.,Not-a-strategy,Not-a-strategy,1,0.3791685402393341
91,3,0,Provide health assistant for kids in need,Not-a-strategy,Not-a-strategy,1,0.3828577697277069
92,4,1,It sounds like a meaningful charity.,Not-a-strategy,Not-a-strategy,1,0.38366639614105225
93,5,0,It is.,Not-a-strategy,Not-a-strategy,1,0.3840968608856201
94,6,0,Every child must have health care and food to put in their bellies,Not-a-strategy,Not-a-strategy,1,0.3842383325099945
95,7,1,Is it world wide.,Hesitance-Hesitance,Not-a-strategy,1,0.38428205251693726
96,8,0,Yes they are everywhere.,Not-a-strategy,Not-a-strategy,1,0.38442447781562805
97,9,0,I saw a kid die in my hands once.,Not-a-strategy,Not-a-strategy,1,0.3844622075557709
98,0,0,How much money do you spend daily on extras like a coffee or treat?,Not-a-strategy,Not-a-strategy,0,0.3005533814430237
99,1,1,"I spend about 5 dollars a day, you?",Not-a-strategy,Not-a-strategy,0,0.3642771542072296
100,2,0,About 1 dollar per day.,Not-a-strategy,Not-a-strategy,0,0.37887564301490784
101,3,0,Do you think that amount of money would make a difference in a needy child's life?,Not-a-strategy,Not-a-strategy,0,0.382721871137619
102,3,1,I think it would in many places,Not-a-strategy,Not-a-strategy,0,0.38370752334594727
103,4,0,I agree.,Not-a-strategy,Not-a-strategy,0,0.3842233121395111
104,4,0,Are you familiar with a charity called Save the Children?,Not-a-strategy,Not-a-strategy,0,0.38440316915512085
105,5,1,No i am not can you explain?,Hesitance-Hesitance,Not-a-strategy,0,0.38447922468185425
106,6,0,"Save the Children is an international non-governmental organization that promotes children's rights, provides relief and helps support children in developing countries.",Not-a-strategy,Not-a-strategy,0,0.3844561278820038
107,7,1,Wow thats great.,Not-a-strategy,Not-a-strategy,0,0.3845210373401642
108,8,1,How can I help?,Not-a-strategy,Not-a-strategy,0,0.38456961512565613
109,9,0,"We can help by making a donation which is essential to help ensuring children's rights to health, education, safety, etc.",Not-a-strategy,Not-a-strategy,0,0.3846305012702942
110,0,0,This site Helps many child,Not-a-strategy,Not-a-strategy,0,0.3009590208530426
111,1,1,What kind of children does it help?,Hesitance-Hesitance,Not-a-strategy,0,0.36420997977256775
112,2,0,Their motto is to help children's future...that every child deserves a future,Not-a-strategy,Not-a-strategy,0,0.37898752093315125
113,2,1,What is the name of the organization?,Not-a-strategy,Not-a-strategy,0,0.38306599855422974
114,2,0,Save the Children,Not-a-strategy,Not-a-strategy,0,0.3843385875225067
115,2,1,How do they help children?,Hesitance-Hesitance,Not-a-strategy,0,0.38477784395217896
116,2,1,Food?,Hesitance-Hesitance,Not-a-strategy,0,0.38494983315467834
117,3,1,Clothing?,Hesitance-Hesitance,Not-a-strategy,0,0.3848956525325775
118,3,1,Shelter?,Hesitance-Hesitance,Not-a-strategy,0,0.384985089302063
119,3,1,Education?,Hesitance-Hesitance,Not-a-strategy,0,0.384935200214386
120,4,0,They help in the children's basic need like food and clothing.,Not-a-strategy,Not-a-strategy,0,0.3847530782222748
121,4,0,They help in whatever it takes for children to transforming their lives and the future,Not-a-strategy,Not-a-strategy,0,0.38480955362319946
122,5,1,Is this charity local?,Hesitance-Hesitance,Not-a-strategy,0,0.38467690348625183
123,6,1,global?,Hesitance-Hesitance,Not-a-strategy,0,0.3848569989204407
124,6,1,Just in my country (United States)?,Hesitance-Hesitance,Not-a-strategy,0,0.38479068875312805
125,7,0,This charity is from Fairfield Town in Connecticut,Not-a-strategy,Not-a-strategy,0,0.38485389947891235
126,7,1,"I think it's important to support initiatives to help children get a good education, and have the things they need to go to school and learn.",Not-a-strategy,Not-a-strategy,0,0.384879469871521
127,7,1,How much should we donate?,Not-a-strategy,Not-a-strategy,0,0.3849216103553772
128,7,0,Ya.. It's very important.,Not-a-strategy,Not-a-strategy,0,0.38492587208747864
129,8,0,"There are many way to donate money like one time gift, Monthly donor, and sponsorship for some children.",Not-a-strategy,Not-a-strategy,0,0.38495028018951416
130,9,1,"Sponsorship of a child might be interesting....I'd like to know what my donation is being used for, and that it's actually helping someone.",Not-a-strategy,Not-a-strategy,0,0.3849373161792755
131,9,0,Child sponsorship works like a way of giving and that connects one compassionate person like you with one child in need.,Not-a-strategy,Not-a-strategy,0,0.38494086265563965
132,0,0,Hello!,Not-a-strategy,Not-a-strategy,0,0.30128398537635803
133,1,0,Ho are you doing today?,Not-a-strategy,Not-a-strategy,0,0.36498939990997314
134,1,1,"doing fine, what about you",Not-a-strategy,Not-a-strategy,0,0.3795775771141052
135,2,0,I'm doing great but i would feel so much better if you let me tell you about one amazing charity,Not-a-strategy,Not-a-strategy,0,0.3830257058143616
136,3,1,go ahead :),Not-a-strategy,Not-a-strategy,0,0.38397660851478577
137,3,1,i'm listening,Not-a-strategy,Not-a-strategy,0,0.3843567669391632
138,4,0,I'm working for Save the Children charity!,Not-a-strategy,Not-a-strategy,0,0.3846457898616791
139,4,0,Have you heard about it?,Not-a-strategy,Not-a-strategy,0,0.3846685588359833
140,5,1,I don't think so.,Not-a-strategy,Not-a-strategy,0,0.38455498218536377
141,6,0,It's a great charity that helps children i developing countries and they are also currently helping at the US Mexican border to reunite children with their families,Not-a-strategy,Not-a-strategy,0,0.38461223244667053
142,7,1,such an important job!,Not-a-strategy,Not-a-strategy,0,0.38459500670433044
143,8,1,Tell me more,Not-a-strategy,Not-a-strategy,0,0.38469210267066956
144,8,0,Sure!,Not-a-strategy,Not-a-strategy,0,0.38469064235687256
145,9,0,"There was this little boy in Africa, he was only 1 year old and he died of hunger.",Not-a-strategy,Not-a-strategy,0,0.3846942186355591
146,0,0,Hello how are you this morning.,Not-a-strategy,Not-a-strategy,1,0.30111053586006165
147,1,1,"I'm good, and you?",Not-a-strategy,Not-a-strategy,1,0.36430996656417847
148,2,0,"I'm very well, thank you.",Not-a-strategy,Not-a-strategy,1,0.3788670003414154
149,3,0,Well the reason I'm contacting you is because I'm trying to find donors for the Save the Children foundation.,Not-a-strategy,Not-a-strategy,1,0.3825496733188629
150,4,0,"Your donation will help ensure children's rights to health, education and safety.",Not-a-strategy,Not-a-strategy,1,0.38348323106765747
151,5,0,Your donation can help children in need reach their full potential and what's really more important that our children as they are our future.,Not-a-strategy,Not-a-strategy,1,0.383770227432251
152,6,1,How much money are you looking for?,Not-a-strategy,Not-a-strategy,1,0.3839549720287323
153,7,0,Any amount of donation would help in this cause.,Not-a-strategy,Not-a-strategy,1,0.3840753734111786
154,8,0,It's surprising how little can make an impact on these kids.,Not-a-strategy,Not-a-strategy,1,0.38410425186157227
155,9,0,The amount of donation is completely up to you,Not-a-strategy,Not-a-strategy,1,0.38433414697647095
156,9,1,How much of my donation goes to the kids,Hesitance-Hesitance,Not-a-strategy,1,0.3844824433326721
157,0,0,"hello, do you know about the charity save the children?",Not-a-strategy,Not-a-strategy,0,0.30353841185569763
158,0,1,Hi.,Not-a-strategy,Not-a-strategy,0,0.36479413509368896
159,1,1,"No, I have not heard about that charity.",Not-a-strategy,Not-a-strategy,0,0.37899836897850037
160,2,0,do you want some info?,Not-a-strategy,Not-a-strategy,0,0.38242387771606445
161,3,1,"Yes, I would love some information.",Not-a-strategy,Not-a-strategy,0,0.3836436867713928
162,3,0,save the children is a non-profit organization that help the children all around the world.,Not-a-strategy,Not-a-strategy,0,0.38399502635002136
163,4,1,How do they help the children?,Hesitance-Hesitance,Not-a-strategy,0,0.3841133713722229
164,5,0,"they collect charities and help the children by schooling them , feeding them, curing them.",Not-a-strategy,Not-a-strategy,0,0.38426440954208374
165,5,1,That sounds great.,Not-a-strategy,Not-a-strategy,0,0.3843873143196106
166,6,1,How can I get involved?,Not-a-strategy,Not-a-strategy,0,0.3845630884170532
167,6,0,"you can help by being part of us, do you want to help?",Not-a-strategy,Not-a-strategy,0,0.3845444619655609
168,7,1,I would really like to help.,Not-a-strategy,Not-a-strategy,0,0.38464608788490295
169,7,0,"cool, you just have to agree to give some amount of your bonus, you can give how much you want.",Not-a-strategy,Not-a-strategy,0,0.38461992144584656
170,8,0,are you interested?,Not-a-strategy,Not-a-strategy,0,0.3846377730369568
171,8,1,"Yes, I'm interested.",Not-a-strategy,Not-a-strategy,0,0.38465070724487305
172,9,1,I can give $0.60 cents.,Not-a-strategy,Not-a-strategy,0,0.38470658659935
173,9,0,"cool, you are a very kind person, you know that you can help a child being feed today?",Not-a-strategy,Not-a-strategy,0,0.3847481310367584
174,0,0,"Hi there, how are you this morning?",Not-a-strategy,Not-a-strategy,1,0.3007519543170929
175,1,1,ya fine morning what about you,Not-a-strategy,Not-a-strategy,1,0.3642822206020355
176,1,0,Good thanks.,Not-a-strategy,Not-a-strategy,1,0.37892773747444153
177,2,0,I was just reading about an organization called Save the Children.,Not-a-strategy,Not-a-strategy,1,0.3829828202724457
178,2,0,Have you heard of them?,Not-a-strategy,Not-a-strategy,1,0.3840056359767914
179,3,1,Yes I know that organization.,Not-a-strategy,Not-a-strategy,1,0.384297251701355
180,4,1,you have idea donate to that charity,Not-a-strategy,Not-a-strategy,1,0.3843138515949249
181,4,0,Yes I'm going to donate and thought you might want to also.,Not-a-strategy,Not-a-strategy,1,0.3844268023967743
182,5,0,"They do great work, very legitimate and een around 100 years.",Not-a-strategy,Not-a-strategy,1,0.38467881083488464
183,5,1,ok nice.,Not-a-strategy,Not-a-strategy,1,0.38480666279792786
184,6,1,how much u pay,Not-a-strategy,Not-a-strategy,1,0.3849540054798126
185,6,0,I thought maybe 10 or 15 cents of my pay.,Not-a-strategy,Not-a-strategy,1,0.38495221734046936
186,7,0,It doesn't take much to make a difference.,Not-a-strategy,Not-a-strategy,1,0.38500910997390747
187,7,0,Family all grown up.,Not-a-strategy,Not-a-strategy,1,0.38495710492134094
188,8,1,ok. than how is you family,Not-a-strategy,Not-a-strategy,1,0.3849855065345764
189,8,0,Many Americans don't want to donate because they think that organizations like these only help other countries that are poor.,Not-a-strategy,Not-a-strategy,1,0.3850763440132141
190,9,0,This group helps poor underprivileged children in the US too.,Not-a-strategy,Not-a-strategy,1,0.3850156366825104
191,10,1,oh ok. i love children's very much.,Not-a-strategy,Not-a-strategy,1,0.3849208652973175
192,10,1,so i donate that charity,Not-a-strategy,Not-a-strategy,1,0.3848753571510315
193,10,0,You will?,Not-a-strategy,Not-a-strategy,1,0.384947270154953
194,0,0,Hey you wanna donate some money today?,Not-a-strategy,Not-a-strategy,1,0.30092474818229675
195,1,1,what is the donation for?,Not-a-strategy,Not-a-strategy,1,0.3640782833099365
196,2,0,Save the Children!,Not-a-strategy,Not-a-strategy,1,0.37886232137680054
197,3,0,It's an awesome charity!,Not-a-strategy,Not-a-strategy,1,0.3828987777233124
198,3,0,Promotes childrens rights and supports them in developing countries!,Not-a-strategy,Not-a-strategy,1,0.3839867413043976
199,3,1,i would love to donate for childrens' cause,Not-a-strategy,Not-a-strategy,1,0.3844223916530609
200,4,0,You can help out A LOT by donating!,Not-a-strategy,Not-a-strategy,1,0.3843693733215332
201,4,0,Today you can donate up to .30 cents.,Not-a-strategy,Not-a-strategy,1,0.3843199908733368
202,5,1,i would love to donate .30 for sure,Not-a-strategy,Not-a-strategy,1,0.38453802466392517
203,5,0,That would be awesome!,Not-a-strategy,Not-a-strategy,1,0.3844912350177765
204,6,0,Do you have any kids?,Not-a-strategy,Not-a-strategy,1,0.38467246294021606
205,7,1,"yes, i do.",Not-a-strategy,Not-a-strategy,1,0.3845614492893219
206,8,1,i have three kids.,Not-a-strategy,Not-a-strategy,1,0.3845371901988983
207,9,1,do you?,Not-a-strategy,Not-a-strategy,1,0.38458195328712463
208,0,0,Hi how are you this day ?,Not-a-strategy,Not-a-strategy,0,0.3005361258983612
209,1,1,"Hey, I'm doing great, how are you?",Not-a-strategy,Not-a-strategy,0,0.3647022843360901
210,1,0,I am very good.,Not-a-strategy,Not-a-strategy,0,0.379099577665329
211,2,0,Glad to be doing this survey because it is for a good cause (Save the children) Do you agree ?,Not-a-strategy,Not-a-strategy,0,0.38257119059562683
212,2,1,Oh absolutely!,Not-a-strategy,Not-a-strategy,0,0.38344958424568176
213,2,1,I think it's very important to donate to charities.,Not-a-strategy,Not-a-strategy,0,0.38380154967308044
214,3,0,Yeah I stronlgly believe we should all pitch in and help.,Not-a-strategy,Not-a-strategy,0,0.3841892182826996
215,3,0,I am 100% sure I am going to donate 80%-100% of my earnings for this survey to (Save the children) It will make me feel good to help Little helpless children.,Not-a-strategy,Not-a-strategy,0,0.3842316269874573
216,3,0,What do you think you will be donating ?,Not-a-strategy,Not-a-strategy,0,0.3844241797924042
217,4,1,I don't have the money right now to donate.,Self Pity-Empowement,Not-a-strategy,0,0.3844098150730133
218,4,1,I will defiantly be donating at the first of September though.,Source Derogation-Contesting,Not-a-strategy,0,0.384543776512146
219,5,1,I will try to donate at least five dollars.,Not-a-strategy,Not-a-strategy,0,0.3845888376235962
220,5,0,"We all need money, but this is a special cause and the money is not too much.",Not-a-strategy,Not-a-strategy,0,0.38466110825538635
221,6,0,These surveys are a good way for us to get involved and help those in need........Dont you agree ?,Not-a-strategy,Not-a-strategy,0,0.3847182095050812
222,7,1,Oh yeah defiantly.,Not-a-strategy,Not-a-strategy,0,0.38479429483413696
223,7,1,Out of the earnings I earn from this survey I would probably donate at least half.,Not-a-strategy,Not-a-strategy,0,0.3847213685512543
224,8,1,It's only fair.,Not-a-strategy,Not-a-strategy,0,0.3847062289714813
225,8,0,Wow that is so good to hear it reallly shows that most people are willing to help those who are less fortunate than ourselves.,Not-a-strategy,Not-a-strategy,0,0.38468754291534424
226,9,1,Yeah it's very important to help someone that is less fortunate than yourself.,Not-a-strategy,Not-a-strategy,0,0.38471388816833496
227,0,0,Hi! How are you doing today?,Not-a-strategy,Not-a-strategy,0,0.3011256754398346
228,1,1,Good how are you?,Not-a-strategy,Not-a-strategy,0,0.36448147892951965
229,1,0,I'm pretty good.,Not-a-strategy,Not-a-strategy,0,0.37891560792922974
230,2,0,Have you ever heard of the Save the Children organization?,Not-a-strategy,Not-a-strategy,0,0.38323360681533813
231,2,1,I have heard of that organization.,Not-a-strategy,Not-a-strategy,0,0.38379356265068054
232,3,1,I have seen a lot of commercials on TV for it.,Not-a-strategy,Not-a-strategy,0,0.38418304920196533
233,4,0,I hear you.,Not-a-strategy,Not-a-strategy,0,0.3841266930103302
234,4,0,That is when I first heard of it as well.,Not-a-strategy,Not-a-strategy,0,0.38407984375953674
235,5,0,I love the fact that it is a non-government organization that promotes children's rights and helps to provide the support in those developing countries.,Not-a-strategy,Not-a-strategy,0,0.3844907879829407
236,5,1,Agreed.,Not-a-strategy,Not-a-strategy,0,0.38437557220458984
237,5,1,Any organization who promotes rights for those who don't have the platform to speak up is a wonderful charity.,Not-a-strategy,Not-a-strategy,0,0.3844415545463562
238,5,0,I guess now I am going to sound like the tv commercial but have you ever thought about donating to the organization?,Not-a-strategy,Not-a-strategy,0,0.38444191217422485
239,6,1,I have thought about it in the past.,Not-a-strategy,Not-a-strategy,0,0.3846990764141083
240,7,0,I understand that.,Not-a-strategy,Not-a-strategy,0,0.38477662205696106
241,7,0,With all the organizations out there it is hard to tell a good one and a bad one.,Not-a-strategy,Not-a-strategy,0,0.38476330041885376
242,8,0,"This organization helps to children with their rights to health, education, and even safety.",Not-a-strategy,Not-a-strategy,0,0.3849594295024872
243,8,1,Yes it is hard to tell whose interests really lie in the movement they promote.,Information Inquiry-Contesting,Not-a-strategy,0,0.38506561517715454
244,9,1,"I like to research organizations first to see if the money I give is really going to the cause, or if it is wasted by high overhead costs.",Information Inquiry-Contesting,Not-a-strategy,0,0.3849101960659027
245,0,0,Hi,Not-a-strategy,Not-a-strategy,0,0.3034409284591675
246,1,1,hello,Not-a-strategy,Not-a-strategy,0,0.3648056089878082
247,2,0,Would you like to help an important cause?,Not-a-strategy,Not-a-strategy,0,0.3787781894207001
248,3,1,Depends on which one you are talking about.,Not-a-strategy,Not-a-strategy,0,0.38217735290527344
249,4,0,It's for children,Not-a-strategy,Not-a-strategy,0,0.38378870487213135
250,4,1,Sounds interesting but can you be a bit more specific?,Not-a-strategy,Not-a-strategy,0,0.38395681977272034
251,5,0,It's called SAVE the CHILDREN.,Not-a-strategy,Not-a-strategy,0,0.38393327593803406
252,6,0,It help poor kids in need of food and shelter,Not-a-strategy,Not-a-strategy,0,0.3839644491672516
253,7,1,Does it help children in this country or in another country?,Hesitance-Hesitance,Not-a-strategy,0,0.38403767347335815
254,8,0,It helps kids in this country,Not-a-strategy,Not-a-strategy,0,0.3842512369155884
255,9,1,Great!,Not-a-strategy,Not-a-strategy,0,0.3843134641647339
256,0,0,HAve you herad abot Save the Children organization?,Not-a-strategy,Not-a-strategy,0,0.30176007747650146
257,1,1,No i have not,Not-a-strategy,Not-a-strategy,0,0.36451205611228943
258,2,0,Its an organization that creates oportunities for children in need and hunger,Not-a-strategy,Not-a-strategy,0,0.37917497754096985
259,3,1,where are the children from?,Hesitance-Hesitance,Not-a-strategy,0,0.38289713859558105
260,3,0,Childre are from different parts of the world.,Not-a-strategy,Not-a-strategy,0,0.3838423788547516
261,4,0,For example Syrian kids have died in thousands just in 2018 and Save the children is trying to help as much as they can,Not-a-strategy,Not-a-strategy,0,0.38409364223480225
262,4,1,Do you donate money?,Not-a-strategy,Not-a-strategy,0,0.3841502070426941
263,5,0,I do.You should that too.I am sure you are spending money in things you do not really need,Not-a-strategy,Not-a-strategy,0,0.38412439823150635
264,6,1,that is very true.,Not-a-strategy,Not-a-strategy,0,0.3842470347881317
265,7,1,do you donate often?,Not-a-strategy,Not-a-strategy,0,0.38437381386756897
266,8,0,I donate evry chance that I have.Every change money I get from the groceries I put it on a bucket and donate it at the end of the month.Many children needs your help!!,Not-a-strategy,Not-a-strategy,0,0.38449832797050476
267,9,1,yeah I try to do that too.,Not-a-strategy,Not-a-strategy,0,0.3845694959163666
268,10,1,It's hard to ensure the money goes to the actual children tho,Information Inquiry-Contesting,Not-a-strategy,0,0.38460779190063477
269,0,0,Morning!,Not-a-strategy,Not-a-strategy,0,0.3020595908164978
270,0,0,Have you considered donating to Save the Children?,Not-a-strategy,Not-a-strategy,0,0.3642781376838684
271,1,0,It's a great organization and doesn't cost much to help a child in need.,Not-a-strategy,Not-a-strategy,0,0.37961694598197937
272,1,1,I have not.,Not-a-strategy,Not-a-strategy,0,0.3827678859233856
273,2,1,I am not sure I know what Save the Children is.,Not-a-strategy,Not-a-strategy,0,0.3837426006793976
274,2,0,"It's an international non-governmental organization that promotes children's rights, provides relief and helps support children in developing countries.",Not-a-strategy,Not-a-strategy,0,0.3838425576686859
275,2,0,It has done wonderful things and is a big part of many organizations employee giving drives.,Not-a-strategy,Not-a-strategy,0,0.3839844763278961
276,3,1,Oh cool.,Not-a-strategy,Not-a-strategy,0,0.38406142592430115
277,4,1,Do they help people here in the USA?,Hesitance-Hesitance,Not-a-strategy,0,0.3841238021850586
278,5,0,Right now they're concentrating at an international level.,Not-a-strategy,Not-a-strategy,0,0.3842700719833374
279,5,0,"Did you know that in the first two months of 2018, over 1,000 children were reportedly killed or injured in Syria alone?",Not-a-strategy,Not-a-strategy,0,0.38432660698890686
280,6,0,They also appeal to stop hunger issues abroad.,Not-a-strategy,Not-a-strategy,0,0.3843943476676941
281,7,1,"Yes, I know about Syria.",Not-a-strategy,Not-a-strategy,0,0.3843857944011688
282,7,1,I know hunger is a big issue for a lot of people in other countries.,Not-a-strategy,Not-a-strategy,0,0.3843778371810913
283,8,1,Do they provide food for these people?,Hesitance-Hesitance,Not-a-strategy,0,0.3843962848186493
284,9,0,They provide whatever is needed.,Not-a-strategy,Not-a-strategy,0,0.3845061659812927
285,9,0,"AND, in relation to the US, they are currently working on the Hurricane Lane situation in Hawaii.",Not-a-strategy,Not-a-strategy,0,0.3845374584197998
286,0,0,Have you ever heard of Save the Children?,Not-a-strategy,Not-a-strategy,0,0.3018718957901001
287,0,1,I have not.,Not-a-strategy,Not-a-strategy,0,0.3642391860485077
288,1,1,What can you tell me about it?,Not-a-strategy,Not-a-strategy,0,0.379212886095047
289,1,0,It is an international non-governmental organisation.,Not-a-strategy,Not-a-strategy,0,0.38256093859672546
290,2,0,It promotes children's rights,Not-a-strategy,Not-a-strategy,0,0.3833406865596771
291,2,1,That sounds interesting.,Not-a-strategy,Not-a-strategy,0,0.38359132409095764
292,3,1,I am all for helping children in any way possible.,Not-a-strategy,Not-a-strategy,0,0.3839939832687378
293,3,0,Would you be interested in donating to this charity?,Not-a-strategy,Not-a-strategy,0,0.3840544521808624
294,3,1,I would want to do some research first but that would be a possibility.,Source Derogation-Contesting,Not-a-strategy,0,0.3841995298862457
295,4,1,I like to learn as much as I can about an organization before donating.,Not-a-strategy,Not-a-strategy,0,0.3843790590763092
296,4,0,Kids are dying from hunger every minute.,Not-a-strategy,Not-a-strategy,0,0.384482204914093
297,5,0,Don't you want to help stop that?,Not-a-strategy,Not-a-strategy,0,0.38446351885795593
298,5,1,Of course I do.,Not-a-strategy,Not-a-strategy,0,0.3846220076084137
299,6,1,I also want to make sure my donations are not going into the pockets of money hungry CEO's.,Information Inquiry-Contesting,Not-a-strategy,0,0.3847458064556122
300,6,1,How do you feel about that?,Not-a-strategy,Not-a-strategy,0,0.3847900927066803
301,6,0,"I understand, but I can assure you that is goes directly to the kids.",Not-a-strategy,Not-a-strategy,0,0.3847682476043701
302,7,1,How can you assure me?,Not-a-strategy,Not-a-strategy,0,0.384816437959671
303,8,1,Do you work for them?,Not-a-strategy,Not-a-strategy,0,0.38485509157180786
304,8,0,"I do not, but they are a very professional organization.",Not-a-strategy,Not-a-strategy,0,0.3848455846309662
305,9,0,It is an international company.,Not-a-strategy,Not-a-strategy,0,0.38488563895225525
306,0,0,Good Morning!,Not-a-strategy,Not-a-strategy,1,0.3017809987068176
307,0,0,How are you today?,Not-a-strategy,Not-a-strategy,1,0.36412814259529114
308,0,1,I am good.,Not-a-strategy,Not-a-strategy,1,0.3792576789855957
309,1,1,It's really nice outside where I am so I am sitting outdoors.,Not-a-strategy,Not-a-strategy,1,0.3826024532318115
310,1,1,How are you,Not-a-strategy,Not-a-strategy,1,0.38354039192199707
311,1,0,"Oh, that sounds nice.",Not-a-strategy,Not-a-strategy,1,0.3837875723838806
312,1,0,I am well. It looks nice here today as well.,Not-a-strategy,Not-a-strategy,1,0.384029746055603
313,2,0,What are your plans today?,Not-a-strategy,Not-a-strategy,1,0.3840479850769043
314,2,1,I have to go to work at 11:30-6.,Not-a-strategy,Not-a-strategy,1,0.38417237997055054
315,3,1,"But its ok, I work every Sunday.",Not-a-strategy,Not-a-strategy,1,0.38417088985443115
316,3,1,So we are supposed to chat about a children's charity.,Not-a-strategy,Not-a-strategy,1,0.3843165636062622
317,3,1,What are your feelings?,Not-a-strategy,Not-a-strategy,1,0.38433635234832764
318,3,0,"Yes, I was just reading about the charity myself.",Not-a-strategy,Not-a-strategy,1,0.3844451308250427
319,4,0,I was going to make a plea and ask if you would be willing to donate to Save the Children.,Not-a-strategy,Not-a-strategy,1,0.38448643684387207
320,5,0,It helps kids in need.,Not-a-strategy,Not-a-strategy,1,0.3845995366573334
321,5,0,I would hate to think a child would die with no food when I could ask people to help.,Not-a-strategy,Not-a-strategy,1,0.3845735788345337
322,5,0,Can you donate part of today's pay?,Not-a-strategy,Not-a-strategy,1,0.38464802503585815
323,6,0,Even a bit?,Not-a-strategy,Not-a-strategy,1,0.38465219736099243
324,6,1,It's so sad to me that anyone should go without food in our modern world.,Not-a-strategy,Not-a-strategy,1,0.3846299350261688
325,6,1,So I would definitely be willing to help.,Not-a-strategy,Not-a-strategy,1,0.38469985127449036
326,7,0,"Yes, I agree, it is sad.",Not-a-strategy,Not-a-strategy,1,0.3847498595714569
327,7,0,That is great that you can help!,Not-a-strategy,Not-a-strategy,1,0.3847479820251465
328,7,0,How much of today's pay can you give?,Not-a-strategy,Not-a-strategy,1,0.38475123047828674
329,8,0,"Also, please include the $ sign with your pledge.",Not-a-strategy,Not-a-strategy,1,0.38475728034973145
330,8,0,Thank you!,Not-a-strategy,Not-a-strategy,1,0.3847554624080658
331,8,1,I think the bonus of today is 2 dollars so maybe if we both give half of it?,Not-a-strategy,Not-a-strategy,1,0.3847387731075287
332,9,1,That is at least something.,Not-a-strategy,Not-a-strategy,1,0.3848152756690979
333,9,1,I only wish that our Government would help the poor more than they do.,Not-a-strategy,Not-a-strategy,1,0.3847678303718567
334,9,1,What do you think?,Not-a-strategy,Not-a-strategy,1,0.38473913073539734
335,0,0,Have you ever heard of the charity children?,Not-a-strategy,Not-a-strategy,1,0.3005005121231079
336,1,1,"I don't think so, what do they support?",Hesitance-Hesitance,Not-a-strategy,1,0.36502519249916077
337,1,0,I'm sorry.,Not-a-strategy,Not-a-strategy,1,0.3794683516025543
338,1,0,It's save the children.,Not-a-strategy,Not-a-strategy,1,0.3829289972782135
339,2,0,My fingers don't type very well.,Not-a-strategy,Not-a-strategy,1,0.3836795687675476
340,2,0,It's an international nongovernmental organization.,Not-a-strategy,Not-a-strategy,1,0.38396286964416504
341,3,0,They are looking out for children's rights in developing countries,Not-a-strategy,Not-a-strategy,1,0.38417887687683105
342,3,1,"Oh, yes.",Not-a-strategy,Not-a-strategy,1,0.3842034637928009
343,4,1,I do know save the children.,Not-a-strategy,Not-a-strategy,1,0.3842872083187103
344,4,1,They are a great organization.,Not-a-strategy,Not-a-strategy,1,0.38449400663375854
345,4,0,"That's great news, you know they are untrustworthy.",Not-a-strategy,Not-a-strategy,1,0.38456594944000244
346,4,0,Have you ever donated to them?,Not-a-strategy,Not-a-strategy,1,0.38460010290145874
347,5,1,"I haven't donated to them, which is good apparently.",Not-a-strategy,Not-a-strategy,1,0.38467252254486084
348,5,1,What makes them untrustworthy?,Not-a-strategy,Not-a-strategy,1,0.38465505838394165
349,6,0,Oh my goodness I meant to say trustworthy.,Not-a-strategy,Not-a-strategy,1,0.3846952021121979
350,7,1,"ha, that is much better.",Not-a-strategy,Not-a-strategy,1,0.38476696610450745
351,7,1,I don't have a lot of income to donate to charity :(,Personal Choice-Empowerment,Not-a-strategy,1,0.38479146361351013
352,8,0,"I don't either, and when I do I usually donate to dog charities.",Not-a-strategy,Not-a-strategy,1,0.38476628065109253
353,8,0,LOL but after reading up on this they said every penny helps.,Not-a-strategy,Not-a-strategy,1,0.38478758931159973
354,9,0,I think I could spare .25.,Not-a-strategy,Not-a-strategy,1,0.3847813904285431
355,9,0,Do you want to kick in a little?,Not-a-strategy,Not-a-strategy,1,0.38481631875038147
356,9,1,I donate to a dog charity also!,Not-a-strategy,Not-a-strategy,1,0.3848460614681244
357,9,1,such sweet creatures.,Not-a-strategy,Not-a-strategy,1,0.38481253385543823
358,0,0,Hello!,Not-a-strategy,Not-a-strategy,0,0.3034723997116089
359,1,0,How are you today?,Not-a-strategy,Not-a-strategy,0,0.36499160528182983
360,2,1,Hello,Not-a-strategy,Not-a-strategy,0,0.37954431772232056
361,3,0,What are your thoughts on donating to children's charities?,Not-a-strategy,Not-a-strategy,0,0.3830038607120514
362,4,1,I would like to donate,Not-a-strategy,Not-a-strategy,0,0.38397732377052307
363,5,0,That is great!,Not-a-strategy,Not-a-strategy,0,0.3843572735786438
364,6,0,Have you ever heard of Save the Children?,Not-a-strategy,Not-a-strategy,0,0.38448789715766907
365,7,1,Yes before yes,Not-a-strategy,Not-a-strategy,0,0.38473111391067505
366,7,0,"If you were given the chance to donate some or all of your incoming payment for this task to Save the Children, would you?",Not-a-strategy,Not-a-strategy,0,0.38492658734321594
367,8,1,6 dollars is good,Not-a-strategy,Not-a-strategy,0,0.38506099581718445
368,9,0,Wow!,Not-a-strategy,Not-a-strategy,0,0.38519370555877686
369,9,0,That's a great amount.,Not-a-strategy,Not-a-strategy,0,0.38527992367744446
370,0,0,Hello?,Not-a-strategy,Not-a-strategy,0,0.30350685119628906
371,1,1,hi,Not-a-strategy,Not-a-strategy,0,0.36490657925605774
372,2,0,How are you today?,Not-a-strategy,Not-a-strategy,0,0.37887486815452576
373,3,1,good how about you?,Not-a-strategy,Not-a-strategy,0,0.3824827969074249
374,4,0,"I am well, thank you!",Not-a-strategy,Not-a-strategy,0,0.38376936316490173
375,5,0,Glad you are doing well also.,Not-a-strategy,Not-a-strategy,0,0.38430583477020264
376,5,0,Have you heard of the charity called Save the Children?,Not-a-strategy,Not-a-strategy,0,0.38457217812538147
377,6,1,"i have not, can you tell me more?",Hesitance-Hesitance,Not-a-strategy,0,0.3847016990184784
378,7,0,It is an international charity that helps children in need all around the world.,Not-a-strategy,Not-a-strategy,0,0.3847622573375702
379,8,0,"These children have been victims of war, famine, and poverty.",Not-a-strategy,Not-a-strategy,0,0.38485679030418396
380,9,0,Does this sound like a good charity?,Not-a-strategy,Not-a-strategy,0,0.38492438197135925
381,0,0,Have you heard of the charity Save the Children?,Not-a-strategy,Not-a-strategy,0,0.30102404952049255
382,0,1,"No, I don't believe I have.",Not-a-strategy,Not-a-strategy,0,0.36455097794532776
383,1,1,What are their goals?,Hesitance-Hesitance,Not-a-strategy,0,0.3791688084602356
384,1,0,"They give children a healthy start in life, the opportunity to learn and protection from harm.",Not-a-strategy,Not-a-strategy,0,0.38263505697250366
385,2,0,"When crisis strikes, they are always among the first to respond and the last to leave.",Not-a-strategy,Not-a-strategy,0,0.3836250305175781
386,2,0,"They do whatever it takes to save children, transforming their lives and the future we all share.",Not-a-strategy,Not-a-strategy,0,0.38383570313453674
387,3,1,That sounds like an amazing charity.,Not-a-strategy,Not-a-strategy,0,0.38394391536712646
388,3,1,That is something I could really get behind.,Not-a-strategy,Not-a-strategy,0,0.38417404890060425
389,4,0,It's a great charity that has helped more than 155 million children in 120 countries.,Not-a-strategy,Not-a-strategy,0,0.38425198197364807
390,4,0,Do you ever donate to charity?,Not-a-strategy,Not-a-strategy,0,0.3842586576938629
391,5,1,"Yeah, I donate here and there.",Not-a-strategy,Not-a-strategy,0,0.38425499200820923
392,6,1,If I'm in the right place at the right time or am given an opportunity.,Not-a-strategy,Not-a-strategy,0,0.38426610827445984
393,7,0,Save the Children is a wonderful charity to donate to.,Not-a-strategy,Not-a-strategy,0,0.3844277858734131
394,7,0,86% of money raised goes directly to the children.,Not-a-strategy,Not-a-strategy,0,0.38448962569236755
395,8,0,Would you be interested in donating to Save the Children?,Not-a-strategy,Not-a-strategy,0,0.38460054993629456
396,8,1,Where does the other percentage of donations go?,Hesitance-Hesitance,Not-a-strategy,0,0.3845978379249573
397,8,1,I would possibly be interested!,Not-a-strategy,Not-a-strategy,0,0.3845820426940918
398,9,0,9% goes to fundraising and 5% goes to management and general expenses.,Not-a-strategy,Not-a-strategy,0,0.3846852481365204
399,0,0,Hello!,Not-a-strategy,Not-a-strategy,0,0.30262473225593567
400,1,1,Hi!,Not-a-strategy,Not-a-strategy,0,0.36473578214645386
401,2,0,Would you consider yourself a giving person?,Not-a-strategy,Not-a-strategy,0,0.3794785141944885
402,3,1,"Yes, I think that would be accurate.",Not-a-strategy,Not-a-strategy,0,0.38319143652915955
403,4,0,Do you like Children?,Not-a-strategy,Not-a-strategy,0,0.38389334082603455
404,5,1,"Yes, I do.",Not-a-strategy,Not-a-strategy,0,0.38406267762184143
405,6,0,"How would you feel about donating your payment for this survey to a charity that saves children, aptly named ""save the children""?",Not-a-strategy,Not-a-strategy,0,0.3841872811317444
406,7,1,I would consider it.,Not-a-strategy,Not-a-strategy,0,0.38429978489875793
407,8,0,"awesome, since it is not a huge payment, low risk, great social reward :)",Not-a-strategy,Not-a-strategy,0,0.38436001539230347
408,9,1,I would need to know more about the charity first.,Source Derogation-Contesting,Not-a-strategy,0,0.38442885875701904
409,0,0,save the children is a non profit organization helping children around the world,Not-a-strategy,Not-a-strategy,0,0.30129340291023254
410,1,1,wow that is neat,Not-a-strategy,Not-a-strategy,0,0.3648630380630493
411,2,0,"for just a small amount you can help a child starving in Africa, and other children who are homeless",Not-a-strategy,Not-a-strategy,0,0.3793840706348419
412,3,1,that sounds expensive,Personal Choice-Empowerment,Not-a-strategy,0,0.38281840085983276
413,4,0,"just a few dollars, while lyou can donate as much as you like, every little bit means a better life for these children",Not-a-strategy,Not-a-strategy,0,0.38392746448516846
414,5,1,how much do you give,Not-a-strategy,Not-a-strategy,0,0.3842906355857849
415,6,0,2=3 dollars a month,Not-a-strategy,Not-a-strategy,0,0.3844960927963257
416,7,1,ok how ill give that much,Not-a-strategy,Not-a-strategy,0,0.3846072256565094
417,8,0,You will be helping to feed hundreds of chldren for just pennies on the dollar,Not-a-strategy,Not-a-strategy,0,0.38460108637809753
418,9,1,ok great im in,Not-a-strategy,Not-a-strategy,0,0.38467881083488464
419,0,0,Hi,Not-a-strategy,Not-a-strategy,0,0.3035197854042053
420,1,1,hello,Not-a-strategy,Not-a-strategy,0,0.3647928833961487
421,1,0,How's it going,Not-a-strategy,Not-a-strategy,0,0.3792232275009155
422,2,1,it's going good so far this morning for me.,Not-a-strategy,Not-a-strategy,0,0.383134126663208
423,2,1,what about you?,Not-a-strategy,Not-a-strategy,0,0.38394466042518616
424,3,0,Another day in paradise,Not-a-strategy,Not-a-strategy,0,0.3844115138053894
425,3,1,haha.,Not-a-strategy,Not-a-strategy,0,0.3844648003578186
426,3,1,do you live in the states ?,Not-a-strategy,Not-a-strategy,0,0.3844761252403259
427,3,0,Great state of Texas.,Not-a-strategy,Not-a-strategy,0,0.384598970413208
428,4,0,How about you?,Not-a-strategy,Not-a-strategy,0,0.384512722492218
429,4,1,chicago.,Not-a-strategy,Not-a-strategy,0,0.3845123052597046
430,4,1,so what is this about anyway?,Not-a-strategy,Not-a-strategy,0,0.38457348942756653
431,5,1,it says a child's charity.,Not-a-strategy,Not-a-strategy,0,0.38462695479393005
432,5,1,I am lost.,Not-a-strategy,Not-a-strategy,0,0.38466182351112366
433,6,0,I guess I'm supposed to persuade you to donate your bonus to the save the children charity.....,Not-a-strategy,Not-a-strategy,0,0.3846832811832428
434,6,0,I want you to keep your bonus obviously,Not-a-strategy,Not-a-strategy,0,0.384727418422699
435,7,1,it would help to know what childrens charity as well with some information about it.,Hesitance-Hesitance,Not-a-strategy,0,0.3847314119338989
436,7,1,usually thats how you persuade ppl to donate.,Hesitance-Hesitance,Not-a-strategy,0,0.38471725583076477
437,7,1,show a pic of a kid etc.,Hesitance-Hesitance,Not-a-strategy,0,0.38477495312690735
438,7,0,How much do you like to donate to the charity now?,Not-a-strategy,Not-a-strategy,0,0.38479459285736084
439,8,0,Your donation will be directly deducted from your task payment.,Not-a-strategy,Not-a-strategy,0,0.3847676217556
440,8,0,You can choose any amount from $0 to all your payment,Not-a-strategy,Not-a-strategy,0,0.3847883343696594
441,8,1,I do not wish to donate.,Self Pity-Empowement,Not-a-strategy,0,0.38484442234039307
442,9,1,I've been given no info about the charity.,Self Assertion-Empowerment,Not-a-strategy,0,0.38489145040512085
443,9,0,They help children in warzones and other poor nations to get food and clothes,Not-a-strategy,Not-a-strategy,0,0.38487452268600464
444,9,1,"oh ok, who is they?",Hesitance-Hesitance,Not-a-strategy,0,0.3848651945590973
445,0,0,"Hi, how much do you like to donate to the charity now",Not-a-strategy,Not-a-strategy,1,0.3006265461444855
446,1,1,I would definitely donate because I often donate to charities,Not-a-strategy,Not-a-strategy,1,0.36400851607322693
447,2,0,This donation will go to Save the children,Not-a-strategy,Not-a-strategy,1,0.37901222705841064
448,3,1,This is a worthy organization because many children receive some benefits,Not-a-strategy,Not-a-strategy,1,0.3826250731945038
449,4,0,Can you specify the amount of donation,Not-a-strategy,Not-a-strategy,1,0.3835165202617645
450,5,1,I would donate $10 to this charity,Not-a-strategy,Not-a-strategy,1,0.3839397132396698
451,6,0,ok fine.,Not-a-strategy,Not-a-strategy,1,0.384002685546875
452,7,0,The research team would collect the donations,Not-a-strategy,Not-a-strategy,1,0.3840824365615845
453,8,1,ok great-who is the research team?,Not-a-strategy,Not-a-strategy,1,0.3841724991798401
454,9,0,The researxh team will contact you,Not-a-strategy,Not-a-strategy,1,0.3841930627822876
455,0,0,Hello!,Not-a-strategy,Not-a-strategy,0,0.30058982968330383
456,0,0,How are you tonight?,Not-a-strategy,Not-a-strategy,0,0.3642262816429138
457,1,1,I'm doing very well.,Not-a-strategy,Not-a-strategy,0,0.37924984097480774
458,1,1,How are you?,Not-a-strategy,Not-a-strategy,0,0.3825364410877228
459,2,0,I am good thank you.,Not-a-strategy,Not-a-strategy,0,0.38379374146461487
460,2,0,Have you heard of Save the Children?,Not-a-strategy,Not-a-strategy,0,0.38390547037124634
461,3,1,"Yes, I have!",Not-a-strategy,Not-a-strategy,0,0.38394081592559814
462,4,1,Is it a charity that you are interested in?,Not-a-strategy,Not-a-strategy,0,0.3842872679233551
463,4,0,Children are our future and I believe in charities helping children.,Not-a-strategy,Not-a-strategy,0,0.38437768816947937
464,5,1,So do I.,Not-a-strategy,Not-a-strategy,0,0.3846853971481323
465,5,1,Do you regularly donate your time or money to Save the Children?,Not-a-strategy,Not-a-strategy,0,0.38474735617637634
466,6,0,I do donate to Save the children a lot.,Not-a-strategy,Not-a-strategy,0,0.3846764862537384
467,7,0,Do you make donations?,Not-a-strategy,Not-a-strategy,0,0.3847985565662384
468,7,1,"I haven't yet, but I am thinking about doing so in the future.",Not-a-strategy,Not-a-strategy,0,0.38479965925216675
469,8,0,Check out URL,Not-a-strategy,Not-a-strategy,0,0.3849925100803375
470,8,0,It is a great site and you can also make donations on their website.,Not-a-strategy,Not-a-strategy,0,0.3849135935306549
471,9,1,Thanks for the information.,Not-a-strategy,Not-a-strategy,0,0.38496240973472595
472,9,1,What are your donations used for?,Hesitance-Hesitance,Not-a-strategy,0,0.38491103053092957
473,0,0,Have you ever heard of the 'Save The Children' charity?,Not-a-strategy,Not-a-strategy,0,0.302135705947876
474,0,1,I have!,Not-a-strategy,Not-a-strategy,0,0.36445701122283936
475,1,1,I think it's a great chairty.,Not-a-strategy,Not-a-strategy,0,0.3790055215358734
476,2,0,I think the work they do is great.,Not-a-strategy,Not-a-strategy,0,0.38248613476753235
477,3,0,Helping kids in impoverished nation is a really noble thing to do.,Not-a-strategy,Not-a-strategy,0,0.38337624073028564
478,4,1,"I agree, how frequently do you donate?",Not-a-strategy,Not-a-strategy,0,0.38393744826316833
479,5,0,"I generally do my charitable donations around Christmas, when I had an influx of extra cash.",Not-a-strategy,Not-a-strategy,0,0.38409891724586487
480,6,0,You?,Not-a-strategy,Not-a-strategy,0,0.384253591299057
481,7,1,"Similiar, I only donate when I have the money to spare.",Not-a-strategy,Not-a-strategy,0,0.3844353258609772
482,8,0,You can help now!,Not-a-strategy,Not-a-strategy,0,0.3844917118549347
483,9,0,You can donate any amount from your task payment to Save the Children now if you'd like.,Not-a-strategy,Not-a-strategy,0,0.3845466375350952
484,0,0,Hello.,Not-a-strategy,Not-a-strategy,1,0.3006595969200134
485,1,0,Would you like to donate a portion of your reward to a charity called Save the Children?,Not-a-strategy,Not-a-strategy,1,0.3641093075275421
486,2,1,I think I would be willing to donate a portion.,Not-a-strategy,Not-a-strategy,1,0.3789885342121124
487,3,0,Excellent!,Not-a-strategy,Not-a-strategy,1,0.38248637318611145
488,4,0,Would you like to know more about the charity first?,Not-a-strategy,Not-a-strategy,1,0.38339468836784363
489,5,1,"Yes, that was going to be my next question.",Not-a-strategy,Not-a-strategy,1,0.38403066992759705
490,5,0,"Save the Children promotes children's rights, and helps children from developing countries.",Not-a-strategy,Not-a-strategy,1,0.38421937823295593
491,6,1,What types of children's rights?,Hesitance-Hesitance,Not-a-strategy,1,0.38427838683128357
492,7,0,"Your donation would help ensure children's rights to health, education, and safety.",Not-a-strategy,Not-a-strategy,1,0.38429924845695496
493,7,0,Many of these children live in developing or war-torn areas where these basic necessities are hard to come by.,Not-a-strategy,Not-a-strategy,1,0.38431888818740845
494,8,1,What type of people or who manages this fund?,Hesitance-Hesitance,Not-a-strategy,1,0.38450929522514343
495,8,0,Save the Children has excellent credentials and is managed by a board of commercial CEOs and business leaders without any government or religious affiliation.,Not-a-strategy,Not-a-strategy,1,0.3845008313655853
496,9,1,Does Save the Children help children in the United States?,Hesitance-Hesitance,Not-a-strategy,1,0.3845401406288147
497,9,0,Yes!,Not-a-strategy,Not-a-strategy,1,0.38457244634628296
498,0,0,Have you ever considered donating to Save the Children?,Not-a-strategy,Not-a-strategy,1,0.30036461353302
499,1,1,helping children without parents is the most altruistic thing we can do,Not-a-strategy,Not-a-strategy,1,0.3638562858104706
500,2,0,They can't do it without help.,Not-a-strategy,Not-a-strategy,1,0.3788176476955414
501,3,0,They promote children's rights and provide much needed relief.,Not-a-strategy,Not-a-strategy,1,0.38227537274360657
502,4,1,"in my church we help people no matter their age, but children are special for us",Not-a-strategy,Not-a-strategy,1,0.3835456967353821
503,5,0,The donation would be 100% tax deductible too,Not-a-strategy,Not-a-strategy,1,0.3840409815311432
504,6,1,"That's right, how do you help children?",Not-a-strategy,Not-a-strategy,1,0.3843033015727997
505,7,0,Nearly 5.6 million children die each year due to preventable causes.,Not-a-strategy,Not-a-strategy,1,0.38448089361190796
506,7,0,I help by giving money to them so that doesn't happen so often.,Not-a-strategy,Not-a-strategy,1,0.384615957736969
507,8,1,"in one occasion trip to Latin America and there the situation is very sad, many children live in the street without anyone",Not-a-strategy,Not-a-strategy,1,0.38454216718673706
508,9,0,There are many different ways to help.,Not-a-strategy,Not-a-strategy,1,0.38448432087898254
509,0,0,"have you heard of ""save the children""",Not-a-strategy,Not-a-strategy,1,0.3011067509651184
510,0,1,"I think, biut not sure.",Not-a-strategy,Not-a-strategy,1,0.364792138338089
511,1,1,Tell me more.,Not-a-strategy,Not-a-strategy,1,0.37931743264198303
512,2,0,"they help make sure children have the right to health care, education and safety.",Not-a-strategy,Not-a-strategy,1,0.3825775384902954
513,3,1,That is such a great cause,Not-a-strategy,Not-a-strategy,1,0.383469820022583
514,4,0,yes it is and if you just donated a portion of what you make from this task it would be a big help,Not-a-strategy,Not-a-strategy,1,0.38413289189338684
515,4,1,"Well, I already donae to other charities so I'm not sure.",Self Assertion-Empowerment,Not-a-strategy,1,0.38421425223350525
516,5,0,I see children everyday even in my community who do not have enough to eat and they are not able to afford to go to the doctor.,Not-a-strategy,Not-a-strategy,1,0.3841811716556549
517,6,0,The only meal they get are the free meals from school.,Not-a-strategy,Not-a-strategy,1,0.3843187391757965
518,6,0,It would be worth even 5 or 10 cents to know these children are getting the basic things in life,Not-a-strategy,Not-a-strategy,1,0.3843667507171631
519,7,1,"Ok, I will do 5 cents of my task money.",Not-a-strategy,Not-a-strategy,1,0.38446301221847534
520,7,0,thank you so much for this.,Not-a-strategy,Not-a-strategy,1,0.384522408246994
521,8,0,if you think about it 5 cents will buy pretty much nothing anymore but to this charity it means so much more.,Not-a-strategy,Not-a-strategy,1,0.38461819291114807
522,8,0,thanks again,Not-a-strategy,Not-a-strategy,1,0.384586900472641
523,9,1,No problem.,Not-a-strategy,Not-a-strategy,1,0.38456764817237854
524,0,0,Hello.,Not-a-strategy,Not-a-strategy,0,0.3019981384277344
525,0,0,I hope you are well today.,Not-a-strategy,Not-a-strategy,0,0.3645806610584259
526,1,0,I am wondering if you regularly give to charity?,Not-a-strategy,Not-a-strategy,0,0.3790465295314789
527,1,1,Yes I do.,Not-a-strategy,Not-a-strategy,0,0.38251885771751404
528,2,1,I find it very fulfilling to give back,Not-a-strategy,Not-a-strategy,0,0.3834025263786316
529,3,0,I agree with you on that.,Not-a-strategy,Not-a-strategy,0,0.38366028666496277
530,4,0,I am just now watching the news about the hurricane in Hawaii and seeing the damage already done.,Not-a-strategy,Not-a-strategy,0,0.3837798535823822
531,5,1,It is very scary to think about.,Not-a-strategy,Not-a-strategy,0,0.38397401571273804
532,5,1,"Not only are they ravaged by the volcano, now a hurricane.",Not-a-strategy,Not-a-strategy,0,0.3840654194355011
533,6,0,I know.,Not-a-strategy,Not-a-strategy,0,0.3843105733394623
534,6,0,I actually have family living there.,Not-a-strategy,Not-a-strategy,0,0.38442540168762207
535,7,0,The rains over the past two days have been awful.,Not-a-strategy,Not-a-strategy,0,0.38459619879722595
536,7,1,I am curious what we can do to help.,Not-a-strategy,Not-a-strategy,0,0.38457342982292175
537,7,0,I have been looking into ways to help.,Not-a-strategy,Not-a-strategy,0,0.3845999538898468
538,8,0,I see that an organization called Save the Children is already mobilizing to help.,Not-a-strategy,Not-a-strategy,0,0.38462260365486145
539,8,1,Do you know anything about how they are helping the children?,Hesitance-Hesitance,Not-a-strategy,0,0.3846954107284546
540,8,0,They have an emergency response team ready to go.,Not-a-strategy,Not-a-strategy,0,0.38469231128692627
541,9,0,They are preparing child-specific and focused supplies in case they are needed.,Not-a-strategy,Not-a-strategy,0,0.38465842604637146
542,0,0,"0, 'hi..I;m mike",Not-a-strategy,Not-a-strategy,0,0.30117684602737427
543,1,1,Hello Mike I am Pete,Not-a-strategy,Not-a-strategy,0,0.3643823564052582
544,2,0,"hi..pete, hows your life",Not-a-strategy,Not-a-strategy,0,0.3789137601852417
545,3,1,My life is awesome and your?,Not-a-strategy,Not-a-strategy,0,0.38235336542129517
546,4,0,"it's great,I can't complain",Not-a-strategy,Not-a-strategy,0,0.383562296628952
547,5,1,What do you do for a living?,Not-a-strategy,Not-a-strategy,0,0.3840494453907013
548,6,0,I day trade stocks and try to help children organizations like save the children...,Not-a-strategy,Not-a-strategy,0,0.3844267427921295
549,7,0,have you ever heard of that organization before?,Not-a-strategy,Not-a-strategy,0,0.3846568167209625
550,7,1,I have heard about it but I do not know wgat they do,Not-a-strategy,Not-a-strategy,0,0.38480502367019653
551,8,0,they help children that is in need of support and a healthy life change.,Not-a-strategy,Not-a-strategy,0,0.38485223054885864
552,8,1,Thats an awesome labor,Not-a-strategy,Not-a-strategy,0,0.38487088680267334
553,9,0,I would like to ask if you would like to help by donating what you make from this task to the organization which will be a great help...,Not-a-strategy,Not-a-strategy,0,0.385002076625824
554,9,0,what you think?,Not-a-strategy,Not-a-strategy,0,0.3849582374095917
555,0,0,"Hey, how are you doing, have you ever heard of a charity called Save the Children?",Not-a-strategy,Not-a-strategy,1,0.30214017629623413
556,0,1,No I havent.,Not-a-strategy,Not-a-strategy,1,0.3649231493473053
557,1,1,What is it about?,Hesitance-Hesitance,Not-a-strategy,1,0.37954652309417725
558,2,0,"It's an international organization that promotes children's rights, provides relief and helps support children in developing countries, does that sound like something you'd get behind?",Not-a-strategy,Not-a-strategy,1,0.3828127384185791
559,3,1,No thank you.,Self Pity-Empowement,Not-a-strategy,1,0.3836636245250702
560,4,0,May I ask why?,Not-a-strategy,Not-a-strategy,1,0.38411304354667664
561,5,0,"Your help could really make a difference in a child's life, think of a child who didn't have enough to eat, just a small bit of help may have saved them, are you sure you're not interested?",Not-a-strategy,Not-a-strategy,1,0.3843879699707031
562,6,1,I am already making a difference in many children lives.,Self Assertion-Empowerment,Not-a-strategy,1,0.38449832797050476
563,7,0,"That's great, it sounds like it's an issue you really care about then, why not put some of that effort into a charity that's doing really great work like Save the Children?",Not-a-strategy,Not-a-strategy,1,0.384536474943161
564,7,1,I have donated 15 years of my life to charity,Self Assertion-Empowerment,Not-a-strategy,1,0.3845084309577942
565,8,0,"I'm not asking you to donate years of your life, just a couple of cents if possible, is that something you could possibly do tonight?",Not-a-strategy,Not-a-strategy,1,0.38453802466392517
566,9,1,No thank you,Self Pity-Empowement,Not-a-strategy,1,0.3846001625061035
567,0,0,"You know a lot of children in this world go through hardships, and your destiny is determined on where you are born?",Not-a-strategy,Not-a-strategy,0,0.3014385998249054
568,0,1,I guess that is true.,Not-a-strategy,Not-a-strategy,0,0.36423856019973755
569,1,1,I have never thought about destiny being determined by where you are born though.,Not-a-strategy,Not-a-strategy,0,0.37898075580596924
570,1,0,"Yeah, so the chances of being born in the United States are very low, but you and I could have been born in a third world country where children are exploited",Not-a-strategy,Not-a-strategy,0,0.38243791460990906
571,2,1,That really is terrible to think about.,Not-a-strategy,Not-a-strategy,0,0.38336923718452454
572,3,1,We are pretty lucky to have been born in the United States.,Not-a-strategy,Not-a-strategy,0,0.38381391763687134
573,3,0,"Yes of course, especially when the world is how it is today, and do you remember the debate about Kony in 2012?",Not-a-strategy,Not-a-strategy,0,0.3840898275375366
574,4,1,I don't really remember much about it but I know the basics,Not-a-strategy,Not-a-strategy,0,0.3843703866004944
575,4,0,Yeah so people donated money to help children in need.,Not-a-strategy,Not-a-strategy,0,0.38441532850265503
576,5,0,Would you like to donate money to this charity?,Not-a-strategy,Not-a-strategy,0,0.38459527492523193
577,5,0,It's called Save The Children and it's really helpful for kids who aren't as lucky as us and are born in countries that are ravaged by war.,Not-a-strategy,Not-a-strategy,0,0.38461801409721375
578,6,1,Is this a legit charity?,Information Inquiry-Contesting,Not-a-strategy,0,0.38472405076026917
579,7,1,Do you have personal experience?,Not-a-strategy,Not-a-strategy,0,0.3848342001438141
580,7,0,"Yes so what it is is that it's a charity that has international impact, for example where there is lack of support like Syria.",Not-a-strategy,Not-a-strategy,0,0.3848656117916107
581,8,0,"In the first two months of 2018, 1,000 children were killed or injured in the violence in Syria.",Not-a-strategy,Not-a-strategy,0,0.38489896059036255
582,8,0,We help with medical costs and funding volunteers.,Not-a-strategy,Not-a-strategy,0,0.38489779829978943
583,9,1,That sounds important.,Not-a-strategy,Not-a-strategy,0,0.38495010137557983
584,9,1,How much of a donation are you looking for?,Not-a-strategy,Not-a-strategy,0,0.385020911693573
585,0,0,Hi!,Not-a-strategy,Not-a-strategy,0,0.3001613914966583
586,1,0,I am recommending that you donate to a kids charity,Not-a-strategy,Not-a-strategy,0,0.36435332894325256
587,1,1,"Yeah, what do you think about St Jude's?",Not-a-strategy,Not-a-strategy,0,0.3789410889148712
588,2,0,I recommend Save the Children children's charity.,Not-a-strategy,Not-a-strategy,0,0.3831180930137634
589,2,1,That's wonderful!,Not-a-strategy,Not-a-strategy,0,0.3839671313762665
590,2,1,Do you have any specific country in mind?,Not-a-strategy,Not-a-strategy,0,0.38450056314468384
591,3,0,No but I can tell you about the charity!,Not-a-strategy,Not-a-strategy,0,0.3845623731613159
592,3,1,Sure!,Not-a-strategy,Not-a-strategy,0,0.384416788816452
593,4,1,I'd love to hear more.,Not-a-strategy,Not-a-strategy,0,0.38452932238578796
594,4,1,Go on...,Not-a-strategy,Not-a-strategy,0,0.38468503952026367
595,4,0,Save the Children is important because it supports protecting kids' rights to education and health and safety,Not-a-strategy,Not-a-strategy,0,0.3846863806247711
596,4,1,Have you ever sponsored a child?,Counter Argumentation-Contesting,Not-a-strategy,0,0.38477668166160583
597,5,1,"If so, how much does it take to take care of a sweet child on average?",Hesitance-Hesitance,Not-a-strategy,0,0.38495010137557983
598,5,0,The usual cost is about $36 per child.,Not-a-strategy,Not-a-strategy,0,0.38500747084617615
599,5,0,"I have not yet through this charity, but it is my charity of choice for my next sponsored child",Not-a-strategy,Not-a-strategy,0,0.38495880365371704
600,5,1,That's actually quite reasonable!,Not-a-strategy,Not-a-strategy,0,0.38494911789894104
601,6,1,I doesn't cost much.,Not-a-strategy,Not-a-strategy,0,0.38489359617233276
602,7,1,I hope they allow for pen pals as well.,Not-a-strategy,Not-a-strategy,0,0.38485848903656006
603,7,1,Sounds like a blessed organization.,Not-a-strategy,Not-a-strategy,0,0.3848579227924347
604,7,0,Yes it does.,Not-a-strategy,Not-a-strategy,0,0.3848634958267212
605,8,0,Their website is URL if you would like to read more,Not-a-strategy,Not-a-strategy,0,0.3849788308143616
606,8,1,I definitely.,Not-a-strategy,Not-a-strategy,0,0.38491055369377136
607,9,1,I recognize it too.,Not-a-strategy,Not-a-strategy,0,0.3848968744277954
608,0,0,"Hey, how's it going today?",Not-a-strategy,Not-a-strategy,0,0.30037903785705566
609,0,1,"Hey, not feeling really good today, stomach ache :(",Not-a-strategy,Not-a-strategy,0,0.36432379484176636
610,1,1,how are you?,Not-a-strategy,Not-a-strategy,0,0.37908533215522766
611,2,0,Oh no.,Not-a-strategy,Not-a-strategy,0,0.3827505111694336
612,3,0,I'm sorry to hear that.,Not-a-strategy,Not-a-strategy,0,0.38372817635536194
613,3,0,Did you take some medicine?,Not-a-strategy,Not-a-strategy,0,0.3839893341064453
614,3,0,"I'm doing fine, thank you.",Not-a-strategy,Not-a-strategy,0,0.3840538263320923
615,4,1,"no, I need to though!",Not-a-strategy,Not-a-strategy,0,0.38436606526374817
616,4,0,I hope you do soon.,Not-a-strategy,Not-a-strategy,0,0.3843720555305481
617,5,0,Do you have a moment to talk about causes for children?,Not-a-strategy,Not-a-strategy,0,0.38448527455329895
618,5,1,Sure i would love to,Not-a-strategy,Not-a-strategy,0,0.38450080156326294
619,6,0,"As you know, unfortunately, everyone wasn't born into the same opportunities.",Not-a-strategy,Not-a-strategy,0,0.38458606600761414
620,6,0,"Some are born extremely well off, some are born with some opportunities and some are born completely destitute.",Not-a-strategy,Not-a-strategy,0,0.3846498727798462
621,7,0,What do you think about that?,Not-a-strategy,Not-a-strategy,0,0.38473424315452576
622,7,1,It makes me very sad!,Not-a-strategy,Not-a-strategy,0,0.38486167788505554
623,7,1,I was born in USSR and we had very limited resources.,Personal Choice-Empowerment,Not-a-strategy,0,0.38489699363708496
624,7,1,I was growing up in poverty so i know how it feels,Personal Choice-Empowerment,Not-a-strategy,0,0.38485121726989746
625,8,0,It makes me sad as well.,Not-a-strategy,Not-a-strategy,0,0.3848654627799988
626,9,0,How are things for you now?,Not-a-strategy,Not-a-strategy,0,0.3847982883453369
627,9,1,Much better.,Not-a-strategy,Not-a-strategy,0,0.38479578495025635
628,0,0,Save the Children helps children all around the world and they need your help.,Not-a-strategy,Not-a-strategy,1,0.30289918184280396
629,0,1,They definitely do.,Not-a-strategy,Not-a-strategy,1,0.3646368682384491
630,1,1,Do you participate in any local children's charities?,Not-a-strategy,Not-a-strategy,1,0.38038501143455505
631,1,0,I volunteer at a local food bank.,Not-a-strategy,Not-a-strategy,1,0.3831777572631836
632,1,0,Many of the families that come to us have young children.,Not-a-strategy,Not-a-strategy,1,0.3837907910346985
633,1,0,Actions as well as donations help keep the Charity afloat and able to help children around the world,Not-a-strategy,Not-a-strategy,1,0.38395047187805176
634,1,1,Right.,Not-a-strategy,Not-a-strategy,1,0.3840849697589874
635,2,1,I used to tutor kids in my spare time in college.,Not-a-strategy,Not-a-strategy,1,0.38407647609710693
636,2,1,I also tutored kids at a battered woman's shelter.,Not-a-strategy,Not-a-strategy,1,0.38405320048332214
637,3,1,I have a bunch of baby clothes inwant to donate as well.,Not-a-strategy,Not-a-strategy,1,0.384142130613327
638,3,1,Helping children abroad is on my bucket list.,Not-a-strategy,Not-a-strategy,1,0.38416069746017456
639,4,0,Bucket lists are all well and good but sometimes we help out now.,Not-a-strategy,Not-a-strategy,1,0.3842982351779938
640,5,0,"For instance, millions of Syrian children have grown up facing the daily threat of violence.",Not-a-strategy,Not-a-strategy,1,0.38438791036605835
641,5,0,"In the first two months of 2018 alone, 1,000 children were reportedly killed or injured in intensifying violence.",Not-a-strategy,Not-a-strategy,1,0.38451582193374634
642,5,1,I saw a disheartening bstory on the news about some children that were injured due to that very violence.,Not-a-strategy,Not-a-strategy,1,0.3845676779747009
643,6,1,What do you think is the best solution or way to help for the average person like you or Me to render aid?,Not-a-strategy,Not-a-strategy,1,0.3845670223236084
644,6,0,"Save the Children works with government around the world to keep children from harm and abuse from crises situations by providing safe spaces for children to play, socialize, learn, and express themselves as they rebuild their lives.",Not-a-strategy,Not-a-strategy,1,0.38455066084861755
645,6,0,Child Friendly Spaces also serve as a protective mechanism from abuse and psychosocial distress helping children both during and following crises.,Not-a-strategy,Not-a-strategy,1,0.384543776512146
646,7,1,So you think monetary donations are the best course of action?,Not-a-strategy,Not-a-strategy,1,0.38458508253097534
647,8,1,"When iIsaid helping children around the world was on my bucket list (and iIshould not have ised that term, nor did I mean it lightly, I meant physically donating time and skills.",Not-a-strategy,Not-a-strategy,1,0.3846187889575958
648,9,0,"Volunteering and helping others with your time and effort is great, but in the meantime how can you help?",Not-a-strategy,Not-a-strategy,1,0.3847299814224243
649,9,0,Donations let you help until you have the time and focus to knock those activities off your list.,Not-a-strategy,Not-a-strategy,1,0.384730726480484
650,0,0,Hi there!,Not-a-strategy,Not-a-strategy,1,0.3009208142757416
651,1,0,How are you today?,Not-a-strategy,Not-a-strategy,1,0.3638575077056885
652,2,1,I am fine how are you?,Not-a-strategy,Not-a-strategy,1,0.3785994350910187
653,2,0,I am doing really great.,Not-a-strategy,Not-a-strategy,1,0.38245174288749695
654,3,0,What are your plans for the day?,Not-a-strategy,Not-a-strategy,1,0.38337671756744385
655,4,1,well I have to go to work in a little while here how about you?,Not-a-strategy,Not-a-strategy,1,0.38365885615348816
656,5,0,"Ah, yes.",Not-a-strategy,Not-a-strategy,1,0.3839050233364105
657,6,0,Same here.,Not-a-strategy,Not-a-strategy,1,0.3841068148612976
658,6,0,That is why I am up so early.,Not-a-strategy,Not-a-strategy,1,0.38432425260543823
659,7,0,"I have to go into the office, do you as well, or can you work from home?",Not-a-strategy,Not-a-strategy,1,0.3844383656978607
660,8,1,"I work in an office setting as well, I guess we are to talk about childrens charity's.",Not-a-strategy,Not-a-strategy,1,0.38442856073379517
661,9,1,Do you donate to any on a regular base?,Counter Argumentation-Contesting,Not-a-strategy,1,0.3844549357891083
662,0,0,"Hi, how are you today?",Not-a-strategy,Not-a-strategy,1,0.3013560473918915
663,0,1,Great what about you?,Not-a-strategy,Not-a-strategy,1,0.3642297387123108
664,1,1,Do you donate to children's charities often?,Not-a-strategy,Not-a-strategy,1,0.37906259298324585
665,1,0,"Not bad, I donate all the time specifically to Save The Children, they are a great charity because 100% of the money donated is given to those children who need it most how about you?",Not-a-strategy,Not-a-strategy,1,0.3826533555984497
666,2,1,I have donated to them in the past.,Not-a-strategy,Not-a-strategy,1,0.38342779874801636
667,2,1,Do you donate through MTurk only?,Not-a-strategy,Not-a-strategy,1,0.3838833272457123
668,3,0,"Well, today all donations are directlt deducted from the Mturk task payment so would you be interested in donating today?",Not-a-strategy,Not-a-strategy,1,0.3839670717716217
669,3,1,"I would, I usually donate some portion of my winnings when it's a children's charity.",Not-a-strategy,Not-a-strategy,1,0.38413381576538086
670,3,1,They are the most vulnerable in society.,Not-a-strategy,Not-a-strategy,1,0.38428613543510437
671,4,0,"Oh, I know children did not ask to grow up in these coditions adults have let them down in so many ways",Not-a-strategy,Not-a-strategy,1,0.38431254029273987
672,5,1,"I know, it's also so sad the the more nutricious foods are always the most expensive.",Not-a-strategy,Not-a-strategy,1,0.3843890130519867
673,5,1,I donate to the NYC Food bank also.,Not-a-strategy,Not-a-strategy,1,0.38445350527763367
674,6,1,They help a lot of city kids.,Not-a-strategy,Not-a-strategy,1,0.38442811369895935
675,7,0,That's another great cause,Not-a-strategy,Not-a-strategy,1,0.38449087738990784
676,7,1,How much to you plan on donating today considering that we may get a bonus?,Not-a-strategy,Not-a-strategy,1,0.38458380103111267
677,8,0,Normally I donate about $1.00 how about you?,Not-a-strategy,Not-a-strategy,1,0.3845802843570709
678,8,1,I usually donate like I would in real life...,Not-a-strategy,Not-a-strategy,1,0.38466909527778625
679,9,1,like a quarter here and a quarter there.,Not-a-strategy,Not-a-strategy,1,0.3846154808998108
680,0,0,"hello, are you interested in charities?",Not-a-strategy,Not-a-strategy,0,0.30050358176231384
681,1,1,yes i am are you?,Not-a-strategy,Not-a-strategy,0,0.36383187770843506
682,2,0,"of course i am, do you know save the children charity?",Not-a-strategy,Not-a-strategy,0,0.37917643785476685
683,2,1,no can you tell me a little about it,Hesitance-Hesitance,Not-a-strategy,0,0.38264545798301697
684,3,0,"of course, save the children is a non-profit organization that helps the children all over the world.",Not-a-strategy,Not-a-strategy,0,0.38358670473098755
685,4,1,that sounds great.,Not-a-strategy,Not-a-strategy,0,0.3838442862033844
686,5,1,i feel like i need to do something like that,Not-a-strategy,Not-a-strategy,0,0.3842047452926636
687,5,0,are you interested in helpin childrens?,Not-a-strategy,Not-a-strategy,0,0.3845503032207489
688,6,1,how can i help them?,Not-a-strategy,Not-a-strategy,0,0.384480357170105
689,7,0,"you can help them by donating, do you want to donate?",Not-a-strategy,Not-a-strategy,0,0.3844617009162903
690,8,1,how long have you been donating for?,Counter Argumentation-Contesting,Not-a-strategy,0,0.38452619314193726
691,9,0,"several years now, different organizations.",Not-a-strategy,Not-a-strategy,0,0.38459882140159607
692,10,0,do you like to donate?,Not-a-strategy,Not-a-strategy,0,0.38473308086395264
693,0,0,Have you ever donated before?,Not-a-strategy,Not-a-strategy,1,0.30164316296577454
694,1,1,"Yes, For child care.",Not-a-strategy,Not-a-strategy,1,0.36408597230911255
695,2,0,Are you aware of Save The Children?,Not-a-strategy,Not-a-strategy,1,0.37904852628707886
696,3,1,"Yes, It's an is an international non-governmental organisation that promotes children's rights, provides relief and helps support children in developing countries.",Not-a-strategy,Not-a-strategy,1,0.38289934396743774
697,4,0,"Great, have you ever donated to this organization?",Not-a-strategy,Not-a-strategy,1,0.3840641677379608
698,5,1,"Yes, I have donated a year before.",Not-a-strategy,Not-a-strategy,1,0.384269654750824
699,6,0,"which year was this, was it previously?",Not-a-strategy,Not-a-strategy,1,0.3843579590320587
700,7,1,I have donated on 2017.,Not-a-strategy,Not-a-strategy,1,0.38443857431411743
701,8,0,How much did you donated?,Not-a-strategy,Not-a-strategy,1,0.3844754993915558
702,9,1,I have donated $100,Not-a-strategy,Not-a-strategy,1,0.3844844400882721
703,0,0,Hi how are you today?,Not-a-strategy,Not-a-strategy,0,0.30474144220352173
704,1,1,good,Not-a-strategy,Not-a-strategy,0,0.36497431993484497
705,2,0,Have you ever heard of Save the Children?,Not-a-strategy,Not-a-strategy,0,0.37901780009269714
706,2,1,"I have not, but there are other charities I like to participate in",Self Assertion-Empowerment,Not-a-strategy,0,0.382533997297287
707,3,0,Do you have any children?,Not-a-strategy,Not-a-strategy,0,0.3836747407913208
708,4,0,I have two.,Not-a-strategy,Not-a-strategy,0,0.38399171829223633
709,5,1,i do not but hope to some day.,Not-a-strategy,Not-a-strategy,0,0.3840113878250122
710,6,1,what are your children's age ?,Not-a-strategy,Not-a-strategy,0,0.38431429862976074
711,6,0,They are all grown up now Would you consider donating to Save the Children?,Not-a-strategy,Not-a-strategy,0,0.38435593247413635
712,6,1,Yes I will donate,Not-a-strategy,Not-a-strategy,0,0.38438162207603455
713,7,0,Wow that would be cool What are your other favorite charities?,Not-a-strategy,Not-a-strategy,0,0.38453254103660583
714,7,1,I think Red Cross does a broad array of services,Not-a-strategy,Not-a-strategy,0,0.38459348678588867
715,8,0,Yes they do I like St Judes Childrens Hospital also,Not-a-strategy,Not-a-strategy,0,0.3845379650592804
716,9,1,I think charities that provide for a broad array of services are more ideal than focused because they target many people,Self Assertion-Empowerment,Not-a-strategy,0,0.3846655488014221
717,9,0,That's a good outlook.,Not-a-strategy,Not-a-strategy,0,0.38468772172927856
718,9,0,I think its good there are some speciality ones out there also though.,Not-a-strategy,Not-a-strategy,0,0.3846909701824188
719,0,0,Hey!,Not-a-strategy,Not-a-strategy,1,0.3005135655403137
720,1,0,I Was wondering if you would be interested in donating To a charity called Save the children?,Not-a-strategy,Not-a-strategy,1,0.3640313446521759
721,2,1,Could you please tell me more about this charity?,Hesitance-Hesitance,Not-a-strategy,1,0.3789093494415283
722,3,0,"Save the Children is an international Non- governmental orginaztion that promotes children's rights, provides relied and helps support children in developing country.",Not-a-strategy,Not-a-strategy,1,0.3827144503593445
723,3,1,What exactly does the money do for them?,Hesitance-Hesitance,Not-a-strategy,1,0.38347697257995605
724,3,0,"The Money you donate will help provide children help during times of natural disasters, as well as help to further their education.",Not-a-strategy,Not-a-strategy,1,0.3837931454181671
725,4,0,Save the children also provides options for mental health help.,Not-a-strategy,Not-a-strategy,1,0.38408955931663513
726,5,1,Do you donate to a specific child?,Hesitance-Hesitance,Not-a-strategy,1,0.38411465287208557
727,6,0,"We do Offer programs where you You can choose to sponsor a child in the US, or sponsor a child from around the world!",Not-a-strategy,Not-a-strategy,1,0.38424059748649597
728,6,1,Oh that's great!,Not-a-strategy,Not-a-strategy,1,0.3843931555747986
729,7,1,That was going to be my next question about if this charity helps kids in the US.,Hesitance-Hesitance,Not-a-strategy,1,0.38445964455604553
730,7,1,Is there a minimum amount you need to donate?,Hesitance-Hesitance,Not-a-strategy,1,0.38455644249916077
731,8,0,There is not a minimum amount!,Not-a-strategy,Not-a-strategy,1,0.384566068649292
732,9,0,you can donate what ever you would like!,Not-a-strategy,Not-a-strategy,1,0.3846020996570587
733,9,0,Remember every penny Donated is another step towards bettering a child's future,Not-a-strategy,Not-a-strategy,1,0.38466978073120117
734,9,1,When was this charity started?,Hesitance-Hesitance,Not-a-strategy,1,0.38471096754074097
735,0,0,Save the children is a good organization.,Not-a-strategy,Not-a-strategy,0,0.3020172715187073
736,0,0,Do you like to donate to charities?,Not-a-strategy,Not-a-strategy,0,0.36447545886039734
737,1,1,"Yes, I do.",Not-a-strategy,Not-a-strategy,0,0.37875041365623474
738,2,1,What does Save the Children do?,Hesitance-Hesitance,Not-a-strategy,0,0.382741779088974
739,2,0,"The Save the Children Fund, commonly known as Save the Children, is an international non-governmental organisation that promotes children's rights, provides relief and helps support children in developing countries.",Not-a-strategy,Not-a-strategy,0,0.3835987448692322
740,3,1,"Can you give me their website, so I can look into them?",Hesitance-Hesitance,Not-a-strategy,0,0.3838385045528412
741,4,0,"Sure, here is the link. URL",Not-a-strategy,Not-a-strategy,0,0.3840104341506958
742,5,1,Thank you!,Not-a-strategy,Not-a-strategy,0,0.38403573632240295
743,6,1,Why are you talking about this charity instead of the others?,Counter Argumentation-Contesting,Not-a-strategy,0,0.3843061923980713
744,6,0,"Sure, here is the link URL",Not-a-strategy,Not-a-strategy,0,0.38435590267181396
745,7,1,Why are you talking about this charity instead of the others?,Counter Argumentation-Contesting,Not-a-strategy,0,0.3844304382801056
746,8,0,I think it is a charity that is well deserving and underfunded.,Not-a-strategy,Not-a-strategy,0,0.3843797743320465
747,9,0,Children in underdeveloped countries do not have the support that other kids have and I just want to give them a chance to improve their lives.,Not-a-strategy,Not-a-strategy,0,0.3844711184501648
748,0,0,"Hey, how are you doing?",Not-a-strategy,Not-a-strategy,0,0.3010764718055725
749,1,1,"Hi, i'm doing great! how are you?",Not-a-strategy,Not-a-strategy,0,0.365162193775177
750,1,0,Doing ok here.,Not-a-strategy,Not-a-strategy,0,0.37973034381866455
751,2,0,Glad to hear your day is great.,Not-a-strategy,Not-a-strategy,0,0.3829391896724701
752,3,0,Do you have a moment to talk about children causes?,Not-a-strategy,Not-a-strategy,0,0.38395559787750244
753,3,1,sure!,Not-a-strategy,Not-a-strategy,0,0.3842296600341797
754,4,1,I would like to,Not-a-strategy,Not-a-strategy,0,0.3843269646167755
755,5,0,"Have you ever heard of the charity, Save the Children?",Not-a-strategy,Not-a-strategy,0,0.3844018578529358
756,5,1,"no, but i would like to know more about it",Hesitance-Hesitance,Not-a-strategy,0,0.3844394385814667
757,6,0,"Save the Children is an international non-governmental organization that promotes children's rights, provides relief and helps support children in developing countries.",Not-a-strategy,Not-a-strategy,0,0.3844306766986847
758,7,1,that's great.,Not-a-strategy,Not-a-strategy,0,0.38456404209136963
759,7,1,Do you have any more information about it?,Hesitance-Hesitance,Not-a-strategy,0,0.3846585750579834
760,7,0,Yea.,Not-a-strategy,Not-a-strategy,0,0.3847213089466095
761,8,0,Have you heard of children getting separated from their family at the US-Mexico border?,Not-a-strategy,Not-a-strategy,0,0.38475412130355835
762,9,1,"yes, it's so heartbreaking1",Not-a-strategy,Not-a-strategy,0,0.3848182260990143
763,9,0,Save the Children are helping to reunite them with their family.,Not-a-strategy,Not-a-strategy,0,0.3848036229610443
764,0,0,Have you thought about giving to the Save the Children charity?,Not-a-strategy,Not-a-strategy,0,0.30099618434906006
765,0,1,I used to donate to them.,Information Inquiry-Contesting,Not-a-strategy,0,0.3642045855522156
766,1,1,Do you like that charity?,Information Inquiry-Contesting,Not-a-strategy,0,0.3789113759994507
767,2,0,"I think that they are good, they help a lot of children",Not-a-strategy,Not-a-strategy,0,0.38265788555145264
768,2,1,What do they do exactly?,Hesitance-Hesitance,Not-a-strategy,0,0.38351958990097046
769,3,0,"They work for the rights of children in developing countries in safety, health, education",Not-a-strategy,Not-a-strategy,0,0.3837183117866516
770,4,1,"That is super important work, obviously.",Not-a-strategy,Not-a-strategy,0,0.3840314447879791
771,4,1,Do you know if they are a trustworthy organization?,Information Inquiry-Contesting,Not-a-strategy,0,0.3841528594493866
772,5,0,"Yes they are very trustworthy, and they have been around for a long time",Not-a-strategy,Not-a-strategy,0,0.38425999879837036
773,6,1,I can't stand charities where the top level execs make a ton of money,Information Inquiry-Contesting,Not-a-strategy,0,0.38434359431266785
774,7,0,"I agree, that doesn't happen with this charity, most of the money goes to helping the children",Not-a-strategy,Not-a-strategy,0,0.3844667971134186
775,8,1,that's good to hear.,Not-a-strategy,Not-a-strategy,0,0.3845779597759247
776,9,1,they sound like a good charity to donate to,Not-a-strategy,Not-a-strategy,0,0.38461482524871826
777,9,0,I would highly recommend it,Not-a-strategy,Not-a-strategy,0,0.38463836908340454
778,0,0,"Hello, how are you doing today?",Not-a-strategy,Not-a-strategy,0,0.30196407437324524
779,0,1,Good thanks!,Not-a-strategy,Not-a-strategy,0,0.3653593361377716
780,1,1,You?,Not-a-strategy,Not-a-strategy,0,0.37926018238067627
781,1,0,Very well.,Not-a-strategy,Not-a-strategy,0,0.38241103291511536
782,2,0,Do you have any particular hobbies that you enjoy?,Not-a-strategy,Not-a-strategy,0,0.3836059868335724
783,2,1,Mostly into hiking these days - how about you?,Not-a-strategy,Not-a-strategy,0,0.38385236263275146
784,3,1,Do you have any info on this children's charity we're supposed to talk about?,Hesitance-Hesitance,Not-a-strategy,0,0.38421207666397095
785,3,0,"I like to play golf, as well as go on walks with my dog.",Not-a-strategy,Not-a-strategy,0,0.38425227999687195
786,3,0,"Yes, the charity sounds like it does a lot of great work.",Not-a-strategy,Not-a-strategy,0,0.3843085467815399
787,4,1,Walks with the dog sound awesome.,Not-a-strategy,Not-a-strategy,0,0.38433846831321716
788,4,1,I wasn't given any information about the charity but am happy to help.,Not-a-strategy,Not-a-strategy,0,0.38442692160606384
789,4,0,Great!,Not-a-strategy,Not-a-strategy,0,0.38453760743141174
790,5,0,"I have three children myself, and the welfare of children around the world is a very important cause to me.",Not-a-strategy,Not-a-strategy,0,0.38470226526260376
791,5,0,"Save the Children is an international organization that is not involved with any government, and they're able to promote children's rights and support kids in developing countries.",Not-a-strategy,Not-a-strategy,0,0.384774386882782
792,6,1,Sounds like great work.,Not-a-strategy,Not-a-strategy,0,0.3847331404685974
793,7,1,I donate to a lot of different causes but am happy to pitch in.,Not-a-strategy,Not-a-strategy,0,0.38472723960876465
794,8,1,Are we attempting to agree on a donation amount?,Not-a-strategy,Not-a-strategy,0,0.38468387722969055
795,8,0,That might be a good idea.,Not-a-strategy,Not-a-strategy,0,0.3846568465232849
796,9,0,"Just to give some more info, they are a charity you can trust to actually do the work they promise to do.",Not-a-strategy,Not-a-strategy,0,0.3847518563270569
797,0,0,Hello!,Not-a-strategy,Not-a-strategy,0,0.30109700560569763
798,0,0,How're you doing today?,Not-a-strategy,Not-a-strategy,0,0.36462968587875366
799,1,1,"Hey, kind of tired but overall good.",Not-a-strategy,Not-a-strategy,0,0.37954673171043396
800,1,1,How are you?,Not-a-strategy,Not-a-strategy,0,0.3834211826324463
801,2,0,I'm doing alright.,Not-a-strategy,Not-a-strategy,0,0.3840439021587372
802,2,0,I just had a thought on my mind that I wanted to ask you about,Not-a-strategy,Not-a-strategy,0,0.3841000199317932
803,3,1,Yea?,Not-a-strategy,Not-a-strategy,0,0.3841865062713623
804,3,1,Go for it.,Not-a-strategy,Not-a-strategy,0,0.38424137234687805
805,4,0,Do you donate when you get the chance?,Not-a-strategy,Not-a-strategy,0,0.38439399003982544
806,4,0,"I was thinking about how everywhere you go, they ask you to donate .50 here and your change there.",Not-a-strategy,Not-a-strategy,0,0.38436317443847656
807,4,0,I think I need to actually start donating.,Not-a-strategy,Not-a-strategy,0,0.38441890478134155
808,5,0,How does it make you feel?,Not-a-strategy,Not-a-strategy,0,0.3845911920070648
809,5,0,Do you donate?,Not-a-strategy,Not-a-strategy,0,0.3847014009952545
810,5,1,I don't like to donate to for profit businesses.,Information Inquiry-Contesting,Not-a-strategy,0,0.38472163677215576
811,5,1,I feel like they'll just take my donation and get their tax credit.,Information Inquiry-Contesting,Not-a-strategy,0,0.3847659230232239
812,6,0,How do you feel about Save the Children?,Not-a-strategy,Not-a-strategy,0,0.38487428426742554
813,6,0,My nephew had to get taken into the hospital not too long ago and I just got the letter in the mail saying they used Save the Childrens donation money to help him.,Not-a-strategy,Not-a-strategy,0,0.3848661780357361
814,7,0,I'm thinking about donating to them.,Not-a-strategy,Not-a-strategy,0,0.3849208652973175
815,8,1,I'm sorry to hear about your nephew?,Not-a-strategy,Not-a-strategy,0,0.38494834303855896
816,8,1,"What happened, if you don't mind me asking.",Not-a-strategy,Not-a-strategy,0,0.38494622707366943
817,9,0,We found out the hard way that he has actual celiacs (sorry I can't spell too well) and he has an allergic reaction to the cake on his birthday.,Not-a-strategy,Not-a-strategy,0,0.38492679595947266
818,0,0,Hello,Not-a-strategy,Not-a-strategy,0,0.30345141887664795
819,1,1,hello,Not-a-strategy,Not-a-strategy,0,0.3645499050617218
820,2,0,Would you like to donate a partial or full amount of your payment from this task to Save the Children.,Not-a-strategy,Not-a-strategy,0,0.3785097599029541
821,3,0,"Save the Children is an international non-governmental organization that promotes children's rights, provides relief and helps support children in developing countries.",Not-a-strategy,Not-a-strategy,0,0.38248029351234436
822,4,1,how much of the money is put to work?,Hesitance-Hesitance,Not-a-strategy,0,0.38354963064193726
823,5,0,All of the money you choose to donate will go to the charity.,Not-a-strategy,Not-a-strategy,0,0.38394322991371155
824,6,0,"Donating any amount will make a difference, every little donation adds up!",Not-a-strategy,Not-a-strategy,0,0.3841205835342407
825,7,0,You can choose to donate any amount from $0 to all your payment from this task.,Not-a-strategy,Not-a-strategy,0,0.3841971457004547
826,8,1,how much % of the money that goes to the charity is overhead that will be absorbed and not given to children?,Hesitance-Hesitance,Not-a-strategy,0,0.3843126893043518
827,9,0,Save the Children is a nonprofit.,Not-a-strategy,Not-a-strategy,0,0.38442328572273254
828,0,0,Have you heard of the charity Save the Children?,Not-a-strategy,Not-a-strategy,1,0.3005800247192383
829,1,1,"Yes I have, but I don't know a lot about it.",Not-a-strategy,Not-a-strategy,1,0.36424338817596436
830,2,0,"They promote children's rights, provides relief, and helps support children in developing countries.",Not-a-strategy,Not-a-strategy,1,0.3792371153831482
831,2,1,That sounds like a very nice cause.,Not-a-strategy,Not-a-strategy,1,0.3827712833881378
832,3,0,"Yes, it\'s a great cause.",Not-a-strategy,Not-a-strategy,1,0.3838503062725067
833,3,0,And the charity is highly rated with many positive rewards.,Not-a-strategy,Not-a-strategy,1,0.3839878737926483
834,4,0,"Including an ""A"" rating from the American Institute of Philanthropy.",Not-a-strategy,Not-a-strategy,1,0.3842838406562805
835,5,1,That's awesome!,Not-a-strategy,Not-a-strategy,1,0.3846147656440735
836,5,1,Do you know when the charity began?,Hesitance-Hesitance,Not-a-strategy,1,0.3845449388027191
837,6,0,"It was founded way back on April 15, 1919!",Not-a-strategy,Not-a-strategy,1,0.38466978073120117
838,6,0,A charity with that kind of history shows that it has made an amazing impact.,Not-a-strategy,Not-a-strategy,1,0.3845705986022949
839,6,0,Just last year they helped a total of 155 million children!,Not-a-strategy,Not-a-strategy,1,0.3846643269062042
840,7,1,That is very impressive.,Not-a-strategy,Not-a-strategy,1,0.38483384251594543
841,7,1,Do you know on average how much money the charity makes per year?,Hesitance-Hesitance,Not-a-strategy,1,0.38472557067871094
842,8,0,"The total operating revenue was $807,412 in 2017, and 9 out of every 10 dollars they make goes straight into the programs and services to help children and families in need.",Not-a-strategy,Not-a-strategy,1,0.3848748803138733
843,8,1,That is awesome.,Not-a-strategy,Not-a-strategy,1,0.3847687244415283
844,8,0,I know I was surprised by those numbers.,Not-a-strategy,Not-a-strategy,1,0.3847344219684601
845,9,0,"A lot of widely known charities aren't as open and honest about where their finances go, but you can easily find Save the Children's financial reports online.",Not-a-strategy,Not-a-strategy,1,0.38474830985069275
846,0,0,Have you heard of Save the Children?,Not-a-strategy,Not-a-strategy,1,0.3004675507545471
847,1,1,no i have not but i am interested!,Not-a-strategy,Not-a-strategy,1,0.3641901910305023
848,2,0,"Cool, it's international and non governmental.",Not-a-strategy,Not-a-strategy,1,0.3792565166950226
849,2,0,It helps children and their families.,Not-a-strategy,Not-a-strategy,1,0.38298800587654114
850,3,0,Are you still interested?,Not-a-strategy,Not-a-strategy,1,0.3838074207305908
851,4,1,yes i am very interested!,Not-a-strategy,Not-a-strategy,1,0.3839990496635437
852,5,0,If you donate you can help many children.,Not-a-strategy,Not-a-strategy,1,0.3840448558330536
853,6,0,Can I count on your support?,Not-a-strategy,Not-a-strategy,1,0.3841499984264374
854,7,1,yes of course!,Not-a-strategy,Not-a-strategy,1,0.3842986524105072
855,8,1,how much?,Not-a-strategy,Not-a-strategy,1,0.3844357430934906
856,9,0,You can choose any amount from $0 to all your payment.,Not-a-strategy,Not-a-strategy,1,0.3844776153564453
857,0,0,Hi!,Not-a-strategy,Not-a-strategy,0,0.30187752842903137
858,0,0,Good morning!,Not-a-strategy,Not-a-strategy,0,0.36451977491378784
859,1,1,Good morning!,Not-a-strategy,Not-a-strategy,0,0.3788436949253082
860,1,1,How are you doing today?,Not-a-strategy,Not-a-strategy,0,0.3824688792228699
861,2,0,I am good!,Not-a-strategy,Not-a-strategy,0,0.3832995891571045
862,3,0,I am trying to get my friends and others to donate their payment from this task to Save the Children.,Not-a-strategy,Not-a-strategy,0,0.38388487696647644
863,3,0,Save the Children is reputable and every dollar they raise goes to feed families.,Not-a-strategy,Not-a-strategy,0,0.3840886056423187
864,4,1,What else can you tell me about the charity?,Hesitance-Hesitance,Not-a-strategy,0,0.38440030813217163
865,5,1,Which countries do they work in?,Hesitance-Hesitance,Not-a-strategy,0,0.3846491277217865
866,5,0,"Save the Children works for 18 countries in Africa, 5 countries in the Middle East and India and Pakistan.",Not-a-strategy,Not-a-strategy,0,0.3846401572227478
867,6,1,How much of a donation would one have to make to feed a family for a week?,Not-a-strategy,Not-a-strategy,0,0.3846130073070526
868,7,0,5.00 a week would feed one family for a week.,Not-a-strategy,Not-a-strategy,0,0.3847391605377197
869,8,0,Do you spend 5.00 a week on a coffee?,Not-a-strategy,Not-a-strategy,0,0.38468310236930847
870,9,1,That's crazy!,Not-a-strategy,Not-a-strategy,0,0.38471460342407227
871,0,0,Hello.,Not-a-strategy,Not-a-strategy,1,0.30356448888778687
872,1,1,hi,Not-a-strategy,Not-a-strategy,1,0.3648492097854614
873,2,0,I'd like to recommend a donation to Save the Children.,Not-a-strategy,Not-a-strategy,1,0.3788764774799347
874,3,1,what exactly happened to these children's?,Hesitance-Hesitance,Not-a-strategy,1,0.38224324584007263
875,4,0,"Save the Children supports many important childhood related causes, like helping to provide education and nutrition support to disadvantaged children.",Not-a-strategy,Not-a-strategy,1,0.38338175415992737
876,4,1,I'd like to know what specific ethnicity are we supporting,Hesitance-Hesitance,Not-a-strategy,1,0.38389092683792114
877,5,0,"Oh, I see.",Not-a-strategy,Not-a-strategy,1,0.3841502070426941
878,5,0,"There is no specific targeted ethnicity, the program uses funds to assist children in many different locations.",Not-a-strategy,Not-a-strategy,1,0.3841855525970459
879,6,1,"I see, can you go into a little bit more details about some of the childhood related causes ?",Hesitance-Hesitance,Not-a-strategy,1,0.384237676858902
880,7,0,Sure.,Not-a-strategy,Not-a-strategy,1,0.3843759298324585
881,8,0,A great example would be Save the Children's commitment to helping children suffering from disease.,Not-a-strategy,Not-a-strategy,1,0.3844465911388397
882,9,0,"During the 2014 ebola outbreak, funds were used to support hospitals in Sierra Leone to provide hospital beds and medical treatment for children suffering from the disease.",Not-a-strategy,Not-a-strategy,1,0.3845860958099365
883,0,0,How much would you like to the Save the Children foundation?,Not-a-strategy,Not-a-strategy,0,0.3020971715450287
884,1,1,tell me more,Hesitance-Hesitance,Not-a-strategy,0,0.3644142150878906
885,2,0,"Well Save the Children is an international non-governmental organization that promotes children's rights, provides relief and helps support children in developing countries.",Not-a-strategy,Not-a-strategy,0,0.3792172968387604
886,3,1,ok cool is there a website?,Hesitance-Hesitance,Not-a-strategy,0,0.3828364312648773
887,4,0,Yes it is URL,Not-a-strategy,Not-a-strategy,0,0.38390225172042847
888,5,1,ok will check it out,Source Derogation-Contesting,Not-a-strategy,0,0.38424962759017944
889,6,0,So how much would you say that you would donate?,Not-a-strategy,Not-a-strategy,0,0.3842759132385254
890,7,1,what would you suggest?,Counter Argumentation-Contesting,Not-a-strategy,0,0.38424739241600037
891,8,0,I suggest that you do $25 it would really help out a child,Not-a-strategy,Not-a-strategy,0,0.3844602406024933
892,8,1,ok $25 sounds ok,Not-a-strategy,Not-a-strategy,0,0.3845302164554596
893,9,0,What you are doing is really good.,Not-a-strategy,Not-a-strategy,0,0.38458386063575745
